{
  "format_version" : "1.0",
  "generated_by" : "cytoscape-3.5.0",
  "target_cytoscapejs_version" : "~2.1",
  "data" : {
    "shared_name" : "Enderleinellus.csv",
    "name" : "Enderleinellus.csv",
    "SUID" : 1536,
    "__Annotations" : [ ],
    "selected" : false
  },
  "elements" : {
    "nodes" : [ {
      "data" : {
        "id" : "1598",
        "shared_name" : "\"Lariscus insignis\"",
        "name" : "\"Lariscus insignis\"",
        "SUID" : 1598,
        "selected" : false
      },
      "position" : {
        "x" : 80.58586696342186,
        "y" : 55.53752624547039
      },
      "selected" : false
    }, {
      "data" : {
        "id" : "1596",
        "shared_name" : "\"Callosciurus caniceps\"",
        "name" : "\"Callosciurus caniceps\"",
        "SUID" : 1596,
        "selected" : false
      },
      "position" : {
        "x" : -73.1680316571836,
        "y" : -70.29570138895954
      },
      "selected" : false
    }, {
      "data" : {
        "id" : "1594",
        "shared_name" : "\"Callosciurus erythraeus\"",
        "name" : "\"Callosciurus erythraeus\"",
        "SUID" : 1594,
        "selected" : false
      },
      "position" : {
        "x" : 97.90913203910546,
        "y" : -17.78439224207844
      },
      "selected" : false
    }, {
      "data" : {
        "id" : "1592",
        "shared_name" : "\"Callosciurus finlaysonii\"",
        "name" : "\"Callosciurus finlaysonii\"",
        "SUID" : 1592,
        "selected" : false
      },
      "position" : {
        "x" : -10.525773966753917,
        "y" : -103.88651168787922
      },
      "selected" : false
    }, {
      "data" : {
        "id" : "1590",
        "shared_name" : "\"Callosciurus nigrovittatus\"",
        "name" : "\"Callosciurus nigrovittatus\"",
        "SUID" : 1590,
        "selected" : false
      },
      "position" : {
        "x" : -42.11552616401954,
        "y" : 92.57976257359539
      },
      "selected" : false
    }, {
      "data" : {
        "id" : "1588",
        "shared_name" : "\"Callosciurus notatus\"",
        "name" : "\"Callosciurus notatus\"",
        "SUID" : 1588,
        "selected" : false
      },
      "position" : {
        "x" : 56.88798335746483,
        "y" : -82.48009860957112
      },
      "selected" : false
    }, {
      "data" : {
        "id" : "1586",
        "shared_name" : "\"Callosciurus prevostii\"",
        "name" : "\"Callosciurus prevostii\"",
        "SUID" : 1586,
        "selected" : false
      },
      "position" : {
        "x" : -105.74441715523048,
        "y" : -7.7194813534065645
      },
      "selected" : false
    }, {
      "data" : {
        "id" : "1584",
        "shared_name" : "\"Dremomys pernyi\"",
        "name" : "\"Dremomys pernyi\"",
        "SUID" : 1584,
        "selected" : false
      },
      "position" : {
        "x" : 33.63413814262108,
        "y" : 168.5299578860954
      },
      "selected" : false
    }, {
      "data" : {
        "id" : "1582",
        "shared_name" : "\"Dremomys rufigenis\"",
        "name" : "\"Dremomys rufigenis\"",
        "SUID" : 1582,
        "selected" : false
      },
      "position" : {
        "x" : -167.05056949898048,
        "y" : 39.549107666368826
      },
      "selected" : false
    }, {
      "data" : {
        "id" : "1580",
        "shared_name" : "\"Menetes berdmorei\"",
        "name" : "\"Menetes berdmorei\"",
        "SUID" : 1580,
        "selected" : false
      },
      "position" : {
        "x" : -170.12332340523048,
        "y" : -32.017924193982736
      },
      "selected" : false
    }, {
      "data" : {
        "id" : "1578",
        "shared_name" : "\"Tamiops macclellandi\"",
        "name" : "\"Tamiops macclellandi\"",
        "SUID" : 1578,
        "selected" : false
      },
      "position" : {
        "x" : 29.20388606742577,
        "y" : 104.46909057652508
      },
      "selected" : false
    }, {
      "data" : {
        "id" : "1576",
        "shared_name" : "\"Epixerus ebii\"",
        "name" : "\"Epixerus ebii\"",
        "SUID" : 1576,
        "selected" : false
      },
      "position" : {
        "x" : 174.24095824912743,
        "y" : -9.855162505750314
      },
      "selected" : false
    }, {
      "data" : {
        "id" : "1574",
        "shared_name" : "\"Heliosciurus gambianus\"",
        "name" : "\"Heliosciurus gambianus\"",
        "SUID" : 1574,
        "selected" : false
      },
      "position" : {
        "x" : 149.2330971117373,
        "y" : -64.37976801836933
      },
      "selected" : false
    }, {
      "data" : {
        "id" : "1572",
        "shared_name" : "\"Heliosciurus rufobrachium\"",
        "name" : "\"Heliosciurus rufobrachium\"",
        "SUID" : 1572,
        "selected" : false
      },
      "position" : {
        "x" : 140.04641917899804,
        "y" : 99.37245666539226
      },
      "selected" : false
    }, {
      "data" : {
        "id" : "1570",
        "shared_name" : "\"Heliosciurus\"",
        "name" : "\"Heliosciurus\"",
        "SUID" : 1570,
        "selected" : false
      },
      "position" : {
        "x" : 76.67662624076561,
        "y" : -154.31572998011555
      },
      "selected" : false
    }, {
      "data" : {
        "id" : "1568",
        "shared_name" : "\"Heliosciurus undulatus\"",
        "name" : "\"Heliosciurus undulatus\"",
        "SUID" : 1568,
        "selected" : false
      },
      "position" : {
        "x" : 119.70883372977929,
        "y" : -113.36960494959797
      },
      "selected" : false
    }, {
      "data" : {
        "id" : "1566",
        "shared_name" : "\"Paraxerus\"",
        "name" : "\"Paraxerus\"",
        "SUID" : 1566,
        "selected" : false
      },
      "position" : {
        "x" : -95.15066715523048,
        "y" : -128.5421322628304
      },
      "selected" : false
    }, {
      "data" : {
        "id" : "1564",
        "shared_name" : "\"Protoxerus aubinnii\"",
        "name" : "\"Protoxerus aubinnii\"",
        "SUID" : 1564,
        "selected" : false
      },
      "position" : {
        "x" : -91.09158512398048,
        "y" : 142.8428240970329
      },
      "selected" : false
    }, {
      "data" : {
        "id" : "1562",
        "shared_name" : "\"Protoxerus stangeri\"",
        "name" : "\"Protoxerus stangeri\"",
        "SUID" : 1562,
        "selected" : false
      },
      "position" : {
        "x" : 146.8890571947451,
        "y" : 41.163975830431326
      },
      "selected" : false
    }, {
      "data" : {
        "id" : "1560",
        "shared_name" : "\"Xerus erythropus\"",
        "name" : "\"Xerus erythropus\"",
        "SUID" : 1560,
        "selected" : false
      },
      "position" : {
        "x" : 15.00362971976952,
        "y" : -167.0514859005257
      },
      "selected" : false
    }, {
      "data" : {
        "id" : "1558",
        "shared_name" : "\"Microsciurus alfari\"",
        "name" : "\"Microsciurus alfari\"",
        "SUID" : 1558,
        "selected" : false
      },
      "position" : {
        "x" : -30.886430705035167,
        "y" : 163.13470947300945
      },
      "selected" : false
    }, {
      "data" : {
        "id" : "1556",
        "shared_name" : "\"Microsciurus mimulus\"",
        "name" : "\"Microsciurus mimulus\"",
        "SUID" : 1556,
        "selected" : false
      },
      "position" : {
        "x" : -138.68115421577735,
        "y" : -86.6493042751595
      },
      "selected" : false
    }, {
      "data" : {
        "id" : "1554",
        "shared_name" : "\"Sciurus variegatoides\"",
        "name" : "\"Sciurus variegatoides\"",
        "SUID" : 1554,
        "selected" : false
      },
      "position" : {
        "x" : 91.11151698783593,
        "y" : 139.50302612340008
      },
      "selected" : false
    }, {
      "data" : {
        "id" : "1551",
        "shared_name" : "\"Sciurus\"",
        "name" : "\"Sciurus\"",
        "SUID" : 1551,
        "selected" : false
      },
      "position" : {
        "x" : -94.26535221382423,
        "y" : 57.432767029161795
      },
      "selected" : false
    }, {
      "data" : {
        "id" : "1549",
        "shared_name" : "\"Tamias sibiricus\"",
        "name" : "\"Tamias sibiricus\"",
        "SUID" : 1549,
        "selected" : false
      },
      "position" : {
        "x" : -143.2258929853086,
        "y" : 101.43080627476726
      },
      "selected" : false
    }, {
      "data" : {
        "id" : "1547",
        "shared_name" : "\"Tamias striatus\"",
        "name" : "\"Tamias striatus\"",
        "SUID" : 1547,
        "selected" : false
      },
      "position" : {
        "x" : -47.896669352496104,
        "y" : -167.46463287318196
      },
      "selected" : false
    }, {
      "data" : {
        "id" : "1546",
        "shared_name" : "\"Enderleinellus\"",
        "name" : "\"Enderleinellus\"",
        "SUID" : 1546,
        "selected" : false
      },
      "position" : {
        "x" : -1.2057513837461045,
        "y" : 0.26591980015788863
      },
      "selected" : false
    } ],
    "edges" : [ {
      "data" : {
        "id" : "1611",
        "source" : "1546",
        "target" : "1596",
        "shared_name" : "\"Enderleinellus\" (\"parasiteOf\") \"Callosciurus caniceps\"",
        "Area" : "\"Tropical South Asia\"",
        "shared_interaction" : "\"parasiteOf\"",
        "latitude" : 4.0,
        "name" : "\"Enderleinellus\" (\"parasiteOf\") \"Callosciurus caniceps\"",
        "interaction" : "\"parasiteOf\"",
        "SUID" : 1611,
        "selected" : false,
        "longitude" : 102.0
      },
      "selected" : false
    }, {
      "data" : {
        "id" : "1610",
        "source" : "1546",
        "target" : "1594",
        "shared_name" : "\"Enderleinellus\" (\"parasiteOf\") \"Callosciurus erythraeus\"",
        "Area" : "\"Tropical South Asia\"",
        "shared_interaction" : "\"parasiteOf\"",
        "latitude" : 4.0,
        "name" : "\"Enderleinellus\" (\"parasiteOf\") \"Callosciurus erythraeus\"",
        "interaction" : "\"parasiteOf\"",
        "SUID" : 1610,
        "selected" : false,
        "longitude" : 102.0
      },
      "selected" : false
    }, {
      "data" : {
        "id" : "1609",
        "source" : "1546",
        "target" : "1592",
        "shared_name" : "\"Enderleinellus\" (\"parasiteOf\") \"Callosciurus finlaysonii\"",
        "Area" : "\"Tropical South Asia\"",
        "shared_interaction" : "\"parasiteOf\"",
        "latitude" : 4.0,
        "name" : "\"Enderleinellus\" (\"parasiteOf\") \"Callosciurus finlaysonii\"",
        "interaction" : "\"parasiteOf\"",
        "SUID" : 1609,
        "selected" : false,
        "longitude" : 102.0
      },
      "selected" : false
    }, {
      "data" : {
        "id" : "1608",
        "source" : "1546",
        "target" : "1590",
        "shared_name" : "\"Enderleinellus\" (\"parasiteOf\") \"Callosciurus nigrovittatus\"",
        "Area" : "\"Tropical South Asia\"",
        "shared_interaction" : "\"parasiteOf\"",
        "latitude" : 4.0,
        "name" : "\"Enderleinellus\" (\"parasiteOf\") \"Callosciurus nigrovittatus\"",
        "interaction" : "\"parasiteOf\"",
        "SUID" : 1608,
        "selected" : false,
        "longitude" : 102.0
      },
      "selected" : false
    }, {
      "data" : {
        "id" : "1607",
        "source" : "1546",
        "target" : "1588",
        "shared_name" : "\"Enderleinellus\" (\"parasiteOf\") \"Callosciurus notatus\"",
        "Area" : "\"Tropical South Asia\"",
        "shared_interaction" : "\"parasiteOf\"",
        "latitude" : 4.0,
        "name" : "\"Enderleinellus\" (\"parasiteOf\") \"Callosciurus notatus\"",
        "interaction" : "\"parasiteOf\"",
        "SUID" : 1607,
        "selected" : false,
        "longitude" : 102.0
      },
      "selected" : false
    }, {
      "data" : {
        "id" : "1606",
        "source" : "1546",
        "target" : "1586",
        "shared_name" : "\"Enderleinellus\" (\"parasiteOf\") \"Callosciurus prevostii\"",
        "Area" : "\"Tropical South Asia\"",
        "shared_interaction" : "\"parasiteOf\"",
        "latitude" : 4.0,
        "name" : "\"Enderleinellus\" (\"parasiteOf\") \"Callosciurus prevostii\"",
        "interaction" : "\"parasiteOf\"",
        "SUID" : 1606,
        "selected" : false,
        "longitude" : 102.0
      },
      "selected" : false
    }, {
      "data" : {
        "id" : "1605",
        "source" : "1546",
        "target" : "1596",
        "shared_name" : "\"Enderleinellus\" (\"parasiteOf\") \"Callosciurus caniceps\"",
        "Area" : "\"Tropical South Asia\"",
        "shared_interaction" : "\"parasiteOf\"",
        "latitude" : 1.0,
        "name" : "\"Enderleinellus\" (\"parasiteOf\") \"Callosciurus caniceps\"",
        "interaction" : "\"parasiteOf\"",
        "SUID" : 1605,
        "selected" : false,
        "longitude" : 114.0
      },
      "selected" : false
    }, {
      "data" : {
        "id" : "1604",
        "source" : "1546",
        "target" : "1594",
        "shared_name" : "\"Enderleinellus\" (\"parasiteOf\") \"Callosciurus erythraeus\"",
        "Area" : "\"Tropical South Asia\"",
        "shared_interaction" : "\"parasiteOf\"",
        "latitude" : 1.0,
        "name" : "\"Enderleinellus\" (\"parasiteOf\") \"Callosciurus erythraeus\"",
        "interaction" : "\"parasiteOf\"",
        "SUID" : 1604,
        "selected" : false,
        "longitude" : 114.0
      },
      "selected" : false
    }, {
      "data" : {
        "id" : "1603",
        "source" : "1546",
        "target" : "1592",
        "shared_name" : "\"Enderleinellus\" (\"parasiteOf\") \"Callosciurus finlaysonii\"",
        "Area" : "\"Tropical South Asia\"",
        "shared_interaction" : "\"parasiteOf\"",
        "latitude" : 1.0,
        "name" : "\"Enderleinellus\" (\"parasiteOf\") \"Callosciurus finlaysonii\"",
        "interaction" : "\"parasiteOf\"",
        "SUID" : 1603,
        "selected" : false,
        "longitude" : 114.0
      },
      "selected" : false
    }, {
      "data" : {
        "id" : "1602",
        "source" : "1546",
        "target" : "1590",
        "shared_name" : "\"Enderleinellus\" (\"parasiteOf\") \"Callosciurus nigrovittatus\"",
        "Area" : "\"Tropical South Asia\"",
        "shared_interaction" : "\"parasiteOf\"",
        "latitude" : 1.0,
        "name" : "\"Enderleinellus\" (\"parasiteOf\") \"Callosciurus nigrovittatus\"",
        "interaction" : "\"parasiteOf\"",
        "SUID" : 1602,
        "selected" : false,
        "longitude" : 114.0
      },
      "selected" : false
    }, {
      "data" : {
        "id" : "1601",
        "source" : "1546",
        "target" : "1588",
        "shared_name" : "\"Enderleinellus\" (\"parasiteOf\") \"Callosciurus notatus\"",
        "Area" : "\"Tropical South Asia\"",
        "shared_interaction" : "\"parasiteOf\"",
        "latitude" : 1.0,
        "name" : "\"Enderleinellus\" (\"parasiteOf\") \"Callosciurus notatus\"",
        "interaction" : "\"parasiteOf\"",
        "SUID" : 1601,
        "selected" : false,
        "longitude" : 114.0
      },
      "selected" : false
    }, {
      "data" : {
        "id" : "1600",
        "source" : "1546",
        "target" : "1586",
        "shared_name" : "\"Enderleinellus\" (\"parasiteOf\") \"Callosciurus prevostii\"",
        "Area" : "\"Tropical South Asia\"",
        "shared_interaction" : "\"parasiteOf\"",
        "latitude" : 1.0,
        "name" : "\"Enderleinellus\" (\"parasiteOf\") \"Callosciurus prevostii\"",
        "interaction" : "\"parasiteOf\"",
        "SUID" : 1600,
        "selected" : false,
        "longitude" : 114.0
      },
      "selected" : false
    }, {
      "data" : {
        "id" : "1599",
        "source" : "1546",
        "target" : "1598",
        "shared_name" : "\"Enderleinellus\" (\"parasiteOf\") \"Lariscus insignis\"",
        "Area" : "\"Tropical South Asia\"",
        "shared_interaction" : "\"parasiteOf\"",
        "latitude" : 1.0,
        "name" : "\"Enderleinellus\" (\"parasiteOf\") \"Lariscus insignis\"",
        "interaction" : "\"parasiteOf\"",
        "SUID" : 1599,
        "selected" : false,
        "longitude" : 114.0
      },
      "selected" : false
    }, {
      "data" : {
        "id" : "1597",
        "source" : "1546",
        "target" : "1596",
        "shared_name" : "\"Enderleinellus\" (\"parasiteOf\") \"Callosciurus caniceps\"",
        "Area" : "\"Tropical South Asia\"",
        "shared_interaction" : "\"parasiteOf\"",
        "latitude" : 15.5,
        "name" : "\"Enderleinellus\" (\"parasiteOf\") \"Callosciurus caniceps\"",
        "interaction" : "\"parasiteOf\"",
        "SUID" : 1597,
        "selected" : false,
        "longitude" : 101.0
      },
      "selected" : false
    }, {
      "data" : {
        "id" : "1595",
        "source" : "1546",
        "target" : "1594",
        "shared_name" : "\"Enderleinellus\" (\"parasiteOf\") \"Callosciurus erythraeus\"",
        "Area" : "\"Tropical South Asia\"",
        "shared_interaction" : "\"parasiteOf\"",
        "latitude" : 15.5,
        "name" : "\"Enderleinellus\" (\"parasiteOf\") \"Callosciurus erythraeus\"",
        "interaction" : "\"parasiteOf\"",
        "SUID" : 1595,
        "selected" : false,
        "longitude" : 101.0
      },
      "selected" : false
    }, {
      "data" : {
        "id" : "1593",
        "source" : "1546",
        "target" : "1592",
        "shared_name" : "\"Enderleinellus\" (\"parasiteOf\") \"Callosciurus finlaysonii\"",
        "Area" : "\"Tropical South Asia\"",
        "shared_interaction" : "\"parasiteOf\"",
        "latitude" : 15.5,
        "name" : "\"Enderleinellus\" (\"parasiteOf\") \"Callosciurus finlaysonii\"",
        "interaction" : "\"parasiteOf\"",
        "SUID" : 1593,
        "selected" : false,
        "longitude" : 101.0
      },
      "selected" : false
    }, {
      "data" : {
        "id" : "1591",
        "source" : "1546",
        "target" : "1590",
        "shared_name" : "\"Enderleinellus\" (\"parasiteOf\") \"Callosciurus nigrovittatus\"",
        "Area" : "\"Tropical South Asia\"",
        "shared_interaction" : "\"parasiteOf\"",
        "latitude" : 15.5,
        "name" : "\"Enderleinellus\" (\"parasiteOf\") \"Callosciurus nigrovittatus\"",
        "interaction" : "\"parasiteOf\"",
        "SUID" : 1591,
        "selected" : false,
        "longitude" : 101.0
      },
      "selected" : false
    }, {
      "data" : {
        "id" : "1589",
        "source" : "1546",
        "target" : "1588",
        "shared_name" : "\"Enderleinellus\" (\"parasiteOf\") \"Callosciurus notatus\"",
        "Area" : "\"Tropical South Asia\"",
        "shared_interaction" : "\"parasiteOf\"",
        "latitude" : 15.5,
        "name" : "\"Enderleinellus\" (\"parasiteOf\") \"Callosciurus notatus\"",
        "interaction" : "\"parasiteOf\"",
        "SUID" : 1589,
        "selected" : false,
        "longitude" : 101.0
      },
      "selected" : false
    }, {
      "data" : {
        "id" : "1587",
        "source" : "1546",
        "target" : "1586",
        "shared_name" : "\"Enderleinellus\" (\"parasiteOf\") \"Callosciurus prevostii\"",
        "Area" : "\"Tropical South Asia\"",
        "shared_interaction" : "\"parasiteOf\"",
        "latitude" : 15.5,
        "name" : "\"Enderleinellus\" (\"parasiteOf\") \"Callosciurus prevostii\"",
        "interaction" : "\"parasiteOf\"",
        "SUID" : 1587,
        "selected" : false,
        "longitude" : 101.0
      },
      "selected" : false
    }, {
      "data" : {
        "id" : "1585",
        "source" : "1546",
        "target" : "1584",
        "shared_name" : "\"Enderleinellus\" (\"parasiteOf\") \"Dremomys pernyi\"",
        "Area" : "\"Tropical South Asia\"",
        "shared_interaction" : "\"parasiteOf\"",
        "latitude" : 15.5,
        "name" : "\"Enderleinellus\" (\"parasiteOf\") \"Dremomys pernyi\"",
        "interaction" : "\"parasiteOf\"",
        "SUID" : 1585,
        "selected" : false,
        "longitude" : 101.0
      },
      "selected" : false
    }, {
      "data" : {
        "id" : "1583",
        "source" : "1546",
        "target" : "1582",
        "shared_name" : "\"Enderleinellus\" (\"parasiteOf\") \"Dremomys rufigenis\"",
        "Area" : "\"Tropical South Asia\"",
        "shared_interaction" : "\"parasiteOf\"",
        "latitude" : 15.5,
        "name" : "\"Enderleinellus\" (\"parasiteOf\") \"Dremomys rufigenis\"",
        "interaction" : "\"parasiteOf\"",
        "SUID" : 1583,
        "selected" : false,
        "longitude" : 101.0
      },
      "selected" : false
    }, {
      "data" : {
        "id" : "1581",
        "source" : "1546",
        "target" : "1580",
        "shared_name" : "\"Enderleinellus\" (\"parasiteOf\") \"Menetes berdmorei\"",
        "Area" : "\"Tropical South Asia\"",
        "shared_interaction" : "\"parasiteOf\"",
        "latitude" : 15.5,
        "name" : "\"Enderleinellus\" (\"parasiteOf\") \"Menetes berdmorei\"",
        "interaction" : "\"parasiteOf\"",
        "SUID" : 1581,
        "selected" : false,
        "longitude" : 101.0
      },
      "selected" : false
    }, {
      "data" : {
        "id" : "1579",
        "source" : "1546",
        "target" : "1578",
        "shared_name" : "\"Enderleinellus\" (\"parasiteOf\") \"Tamiops macclellandi\"",
        "Area" : "\"Tropical South Asia\"",
        "shared_interaction" : "\"parasiteOf\"",
        "latitude" : 15.5,
        "name" : "\"Enderleinellus\" (\"parasiteOf\") \"Tamiops macclellandi\"",
        "interaction" : "\"parasiteOf\"",
        "SUID" : 1579,
        "selected" : false,
        "longitude" : 101.0
      },
      "selected" : false
    }, {
      "data" : {
        "id" : "1577",
        "source" : "1546",
        "target" : "1576",
        "shared_name" : "\"Enderleinellus\" (\"parasiteOf\") \"Epixerus ebii\"",
        "Area" : "\"Tropical Africa\"",
        "shared_interaction" : "\"parasiteOf\"",
        "latitude" : 6.5,
        "name" : "\"Enderleinellus\" (\"parasiteOf\") \"Epixerus ebii\"",
        "interaction" : "\"parasiteOf\"",
        "SUID" : 1577,
        "selected" : false,
        "longitude" : -9.5
      },
      "selected" : false
    }, {
      "data" : {
        "id" : "1575",
        "source" : "1546",
        "target" : "1574",
        "shared_name" : "\"Enderleinellus\" (\"parasiteOf\") \"Heliosciurus gambianus\"",
        "Area" : "\"Tropical Africa\"",
        "shared_interaction" : "\"parasiteOf\"",
        "latitude" : 6.5,
        "name" : "\"Enderleinellus\" (\"parasiteOf\") \"Heliosciurus gambianus\"",
        "interaction" : "\"parasiteOf\"",
        "SUID" : 1575,
        "selected" : false,
        "longitude" : -9.5
      },
      "selected" : false
    }, {
      "data" : {
        "id" : "1573",
        "source" : "1546",
        "target" : "1572",
        "shared_name" : "\"Enderleinellus\" (\"parasiteOf\") \"Heliosciurus rufobrachium\"",
        "Area" : "\"Tropical Africa\"",
        "shared_interaction" : "\"parasiteOf\"",
        "latitude" : 6.5,
        "name" : "\"Enderleinellus\" (\"parasiteOf\") \"Heliosciurus rufobrachium\"",
        "interaction" : "\"parasiteOf\"",
        "SUID" : 1573,
        "selected" : false,
        "longitude" : -9.5
      },
      "selected" : false
    }, {
      "data" : {
        "id" : "1571",
        "source" : "1546",
        "target" : "1570",
        "shared_name" : "\"Enderleinellus\" (\"parasiteOf\") \"Heliosciurus\"",
        "Area" : "\"Tropical Africa\"",
        "shared_interaction" : "\"parasiteOf\"",
        "latitude" : 6.5,
        "name" : "\"Enderleinellus\" (\"parasiteOf\") \"Heliosciurus\"",
        "interaction" : "\"parasiteOf\"",
        "SUID" : 1571,
        "selected" : false,
        "longitude" : -9.5
      },
      "selected" : false
    }, {
      "data" : {
        "id" : "1569",
        "source" : "1546",
        "target" : "1568",
        "shared_name" : "\"Enderleinellus\" (\"parasiteOf\") \"Heliosciurus undulatus\"",
        "Area" : "\"Tropical Africa\"",
        "shared_interaction" : "\"parasiteOf\"",
        "latitude" : 6.5,
        "name" : "\"Enderleinellus\" (\"parasiteOf\") \"Heliosciurus undulatus\"",
        "interaction" : "\"parasiteOf\"",
        "SUID" : 1569,
        "selected" : false,
        "longitude" : -9.5
      },
      "selected" : false
    }, {
      "data" : {
        "id" : "1567",
        "source" : "1546",
        "target" : "1566",
        "shared_name" : "\"Enderleinellus\" (\"parasiteOf\") \"Paraxerus\"",
        "Area" : "\"Tropical Africa\"",
        "shared_interaction" : "\"parasiteOf\"",
        "latitude" : 6.5,
        "name" : "\"Enderleinellus\" (\"parasiteOf\") \"Paraxerus\"",
        "interaction" : "\"parasiteOf\"",
        "SUID" : 1567,
        "selected" : false,
        "longitude" : -9.5
      },
      "selected" : false
    }, {
      "data" : {
        "id" : "1565",
        "source" : "1546",
        "target" : "1564",
        "shared_name" : "\"Enderleinellus\" (\"parasiteOf\") \"Protoxerus aubinnii\"",
        "Area" : "\"Tropical Africa\"",
        "shared_interaction" : "\"parasiteOf\"",
        "latitude" : 6.5,
        "name" : "\"Enderleinellus\" (\"parasiteOf\") \"Protoxerus aubinnii\"",
        "interaction" : "\"parasiteOf\"",
        "SUID" : 1565,
        "selected" : false,
        "longitude" : -9.5
      },
      "selected" : false
    }, {
      "data" : {
        "id" : "1563",
        "source" : "1546",
        "target" : "1562",
        "shared_name" : "\"Enderleinellus\" (\"parasiteOf\") \"Protoxerus stangeri\"",
        "Area" : "\"Tropical Africa\"",
        "shared_interaction" : "\"parasiteOf\"",
        "latitude" : 6.5,
        "name" : "\"Enderleinellus\" (\"parasiteOf\") \"Protoxerus stangeri\"",
        "interaction" : "\"parasiteOf\"",
        "SUID" : 1563,
        "selected" : false,
        "longitude" : -9.5
      },
      "selected" : false
    }, {
      "data" : {
        "id" : "1561",
        "source" : "1546",
        "target" : "1560",
        "shared_name" : "\"Enderleinellus\" (\"parasiteOf\") \"Xerus erythropus\"",
        "Area" : "\"Tropical Africa\"",
        "shared_interaction" : "\"parasiteOf\"",
        "latitude" : 6.5,
        "name" : "\"Enderleinellus\" (\"parasiteOf\") \"Xerus erythropus\"",
        "interaction" : "\"parasiteOf\"",
        "SUID" : 1561,
        "selected" : false,
        "longitude" : -9.5
      },
      "selected" : false
    }, {
      "data" : {
        "id" : "1559",
        "source" : "1546",
        "target" : "1558",
        "shared_name" : "\"Enderleinellus\" (\"parasiteOf\") \"Microsciurus alfari\"",
        "Area" : "\"Tropical South-America\"",
        "shared_interaction" : "\"parasiteOf\"",
        "latitude" : 4.0,
        "name" : "\"Enderleinellus\" (\"parasiteOf\") \"Microsciurus alfari\"",
        "interaction" : "\"parasiteOf\"",
        "SUID" : 1559,
        "selected" : false,
        "longitude" : -73.25
      },
      "selected" : false
    }, {
      "data" : {
        "id" : "1557",
        "source" : "1546",
        "target" : "1556",
        "shared_name" : "\"Enderleinellus\" (\"parasiteOf\") \"Microsciurus mimulus\"",
        "Area" : "\"Tropical South-America\"",
        "shared_interaction" : "\"parasiteOf\"",
        "latitude" : 4.0,
        "name" : "\"Enderleinellus\" (\"parasiteOf\") \"Microsciurus mimulus\"",
        "interaction" : "\"parasiteOf\"",
        "SUID" : 1557,
        "selected" : false,
        "longitude" : -73.25
      },
      "selected" : false
    }, {
      "data" : {
        "id" : "1555",
        "source" : "1546",
        "target" : "1554",
        "shared_name" : "\"Enderleinellus\" (\"parasiteOf\") \"Sciurus variegatoides\"",
        "Area" : "\"Tropical South-America\"",
        "shared_interaction" : "\"parasiteOf\"",
        "latitude" : 4.0,
        "name" : "\"Enderleinellus\" (\"parasiteOf\") \"Sciurus variegatoides\"",
        "interaction" : "\"parasiteOf\"",
        "SUID" : 1555,
        "selected" : false,
        "longitude" : -73.25
      },
      "selected" : false
    }, {
      "data" : {
        "id" : "1553",
        "source" : "1546",
        "target" : "1551",
        "shared_name" : "\"Enderleinellus\" (\"parasiteOf\") \"Sciurus\"",
        "Area" : "\"Tropical South-America\"",
        "shared_interaction" : "\"parasiteOf\"",
        "latitude" : 4.0,
        "name" : "\"Enderleinellus\" (\"parasiteOf\") \"Sciurus\"",
        "interaction" : "\"parasiteOf\"",
        "SUID" : 1553,
        "selected" : false,
        "longitude" : -73.25
      },
      "selected" : false
    }, {
      "data" : {
        "id" : "1552",
        "source" : "1546",
        "target" : "1551",
        "shared_name" : "\"Enderleinellus\" (\"parasiteOf\") \"Sciurus\"",
        "Area" : "\"Tropical South-America\"",
        "shared_interaction" : "\"parasiteOf\"",
        "latitude" : -10.0,
        "name" : "\"Enderleinellus\" (\"parasiteOf\") \"Sciurus\"",
        "interaction" : "\"parasiteOf\"",
        "SUID" : 1552,
        "selected" : false,
        "longitude" : -55.0
      },
      "selected" : false
    }, {
      "data" : {
        "id" : "1550",
        "source" : "1546",
        "target" : "1549",
        "shared_name" : "\"Enderleinellus\" (\"parasiteOf\") \"Tamias sibiricus\"",
        "Area" : "\"Temperate Asia\"",
        "shared_interaction" : "\"parasiteOf\"",
        "latitude" : 36.5,
        "name" : "\"Enderleinellus\" (\"parasiteOf\") \"Tamias sibiricus\"",
        "interaction" : "\"parasiteOf\"",
        "SUID" : 1550,
        "selected" : false,
        "longitude" : 127.75
      },
      "selected" : false
    }, {
      "data" : {
        "id" : "1548",
        "source" : "1546",
        "target" : "1547",
        "shared_name" : "\"Enderleinellus\" (\"parasiteOf\") \"Tamias striatus\"",
        "Area" : "\"Temperate Asia\"",
        "shared_interaction" : "\"parasiteOf\"",
        "latitude" : 36.5,
        "name" : "\"Enderleinellus\" (\"parasiteOf\") \"Tamias striatus\"",
        "interaction" : "\"parasiteOf\"",
        "SUID" : 1548,
        "selected" : false,
        "longitude" : 127.75
      },
      "selected" : false
    } ]
  }
}