{
  "format_version" : "1.0",
  "generated_by" : "cytoscape-3.5.0",
  "target_cytoscapejs_version" : "~2.1",
  "data" : {
    "shared_name" : "Hirsutella.csv",
    "name" : "Hirsutella.csv",
    "SUID" : 750,
    "__Annotations" : [ ],
    "selected" : false
  },
  "elements" : {
    "nodes" : [ {
      "data" : {
        "id" : "797",
        "shared_name" : "\"Colomerus\"",
        "name" : "\"Colomerus\"",
        "SUID" : 797,
        "selected" : false
      },
      "position" : {
        "x" : -97.96825443953276,
        "y" : 46.9060028076172
      },
      "selected" : false
    }, {
      "data" : {
        "id" : "795",
        "shared_name" : "\"Idioscopus clypealis\"",
        "name" : "\"Idioscopus clypealis\"",
        "SUID" : 795,
        "selected" : false
      },
      "position" : {
        "x" : 121.25415004044771,
        "y" : 104.86871032714845
      },
      "selected" : false
    }, {
      "data" : {
        "id" : "793",
        "shared_name" : "\"Nilaparvata lugens\"",
        "name" : "\"Nilaparvata lugens\"",
        "SUID" : 793,
        "selected" : false
      },
      "position" : {
        "x" : -154.44110905379057,
        "y" : -48.22795410156249
      },
      "selected" : false
    }, {
      "data" : {
        "id" : "791",
        "shared_name" : "\"Sepedon\"",
        "name" : "\"Sepedon\"",
        "SUID" : 791,
        "selected" : false
      },
      "position" : {
        "x" : 49.563003189861774,
        "y" : -138.05836791992186
      },
      "selected" : false
    }, {
      "data" : {
        "id" : "789",
        "shared_name" : "\"Cyrtorhinus lividipennis\"",
        "name" : "\"Cyrtorhinus lividipennis\"",
        "SUID" : 789,
        "selected" : false
      },
      "position" : {
        "x" : 157.813666947186,
        "y" : 26.97588806152345
      },
      "selected" : false
    }, {
      "data" : {
        "id" : "787",
        "shared_name" : "\"Idioscopus nitidulus\"",
        "name" : "\"Idioscopus nitidulus\"",
        "SUID" : 787,
        "selected" : false
      },
      "position" : {
        "x" : -119.73016392439604,
        "y" : 112.71017150878907
      },
      "selected" : false
    }, {
      "data" : {
        "id" : "785",
        "shared_name" : "\"Rastrococcus\"",
        "name" : "\"Rastrococcus\"",
        "SUID" : 785,
        "selected" : false
      },
      "position" : {
        "x" : -154.96031986922026,
        "y" : 22.23841552734376
      },
      "selected" : false
    }, {
      "data" : {
        "id" : "783",
        "shared_name" : "\"Eriophyes\"",
        "name" : "\"Eriophyes\"",
        "SUID" : 783,
        "selected" : false
      },
      "position" : {
        "x" : -90.64980351179838,
        "y" : -58.17247314453124
      },
      "selected" : false
    }, {
      "data" : {
        "id" : "781",
        "shared_name" : "\"Empoasca\"",
        "name" : "\"Empoasca\"",
        "SUID" : 781,
        "selected" : false
      },
      "position" : {
        "x" : 142.40671504288912,
        "y" : -42.3138458251953
      },
      "selected" : false
    }, {
      "data" : {
        "id" : "779",
        "shared_name" : "\"Lymantria\"",
        "name" : "\"Lymantria\"",
        "SUID" : 779,
        "selected" : false
      },
      "position" : {
        "x" : 38.332744248211384,
        "y" : 153.23650817871095
      },
      "selected" : false
    }, {
      "data" : {
        "id" : "777",
        "shared_name" : "\"Bombyx mori\"",
        "name" : "\"Bombyx mori\"",
        "SUID" : 777,
        "selected" : false
      },
      "position" : {
        "x" : 114.96682704240084,
        "y" : -110.39156646728514
      },
      "selected" : false
    }, {
      "data" : {
        "id" : "775",
        "shared_name" : "\"Chilo suppressalis\"",
        "name" : "\"Chilo suppressalis\"",
        "SUID" : 775,
        "selected" : false
      },
      "position" : {
        "x" : -53.244484297931194,
        "y" : 93.94903259277345
      },
      "selected" : false
    }, {
      "data" : {
        "id" : "773",
        "shared_name" : "\"Homona magnanima\"",
        "name" : "\"Homona magnanima\"",
        "SUID" : 773,
        "selected" : false
      },
      "position" : {
        "x" : 70.01104701310396,
        "y" : -61.57176513671874
      },
      "selected" : false
    }, {
      "data" : {
        "id" : "771",
        "shared_name" : "\"Dioryctria splendidella\"",
        "name" : "\"Dioryctria splendidella\"",
        "SUID" : 771,
        "selected" : false
      },
      "position" : {
        "x" : 53.46996272355318,
        "y" : 93.33721618652345
      },
      "selected" : false
    }, {
      "data" : {
        "id" : "769",
        "shared_name" : "\"Dioryctria sylvestrella\"",
        "name" : "\"Dioryctria sylvestrella\"",
        "SUID" : 769,
        "selected" : false
      },
      "position" : {
        "x" : -18.841209761798382,
        "y" : -159.60435791015624
      },
      "selected" : false
    }, {
      "data" : {
        "id" : "767",
        "shared_name" : "\"Dynaspidiotus tsugae\"",
        "name" : "\"Dynaspidiotus tsugae\"",
        "SUID" : 767,
        "selected" : false
      },
      "position" : {
        "x" : 95.53207362443209,
        "y" : 33.05067138671876
      },
      "selected" : false
    }, {
      "data" : {
        "id" : "765",
        "shared_name" : "\"Bambalina\"",
        "name" : "\"Bambalina\"",
        "SUID" : 765,
        "selected" : false
      },
      "position" : {
        "x" : -23.065090529620647,
        "y" : -96.90524597167968
      },
      "selected" : false
    }, {
      "data" : {
        "id" : "763",
        "shared_name" : "\"Graptopsaltria nigrofuscata\"",
        "name" : "\"Graptopsaltria nigrofuscata\"",
        "SUID" : 763,
        "selected" : false
      },
      "position" : {
        "x" : -33.1267970725894,
        "y" : 153.4840057373047
      },
      "selected" : false
    }, {
      "data" : {
        "id" : "761",
        "shared_name" : "\"Stathmopoda\"",
        "name" : "\"Stathmopoda\"",
        "SUID" : 761,
        "selected" : false
      },
      "position" : {
        "x" : -95.57568394392729,
        "y" : -126.77721710205077
      },
      "selected" : false
    }, {
      "data" : {
        "id" : "760",
        "shared_name" : "\"Hirsutella\"",
        "name" : "\"Hirsutella\"",
        "SUID" : 760,
        "selected" : false
      },
      "position" : {
        "x" : -1.7472734674811363,
        "y" : 1.2661712646484489
      },
      "selected" : false
    } ],
    "edges" : [ {
      "data" : {
        "id" : "798",
        "source" : "760",
        "target" : "797",
        "shared_name" : "\"Hirsutella\" (\"pathogenOf\") \"Colomerus\"",
        "Area" : "\"Tropical South Asia\"",
        "shared_interaction" : "\"pathogenOf\"",
        "latitude" : -6.0,
        "name" : "\"Hirsutella\" (\"pathogenOf\") \"Colomerus\"",
        "interaction" : "\"pathogenOf\"",
        "SUID" : 798,
        "selected" : false,
        "longitude" : 147.0
      },
      "selected" : false
    }, {
      "data" : {
        "id" : "796",
        "source" : "760",
        "target" : "795",
        "shared_name" : "\"Hirsutella\" (\"pathogenOf\") \"Idioscopus clypealis\"",
        "Area" : "\"Tropical South Asia\"",
        "shared_interaction" : "\"pathogenOf\"",
        "latitude" : 13.0,
        "name" : "\"Hirsutella\" (\"pathogenOf\") \"Idioscopus clypealis\"",
        "interaction" : "\"pathogenOf\"",
        "SUID" : 796,
        "selected" : false,
        "longitude" : 122.0
      },
      "selected" : false
    }, {
      "data" : {
        "id" : "794",
        "source" : "760",
        "target" : "793",
        "shared_name" : "\"Hirsutella\" (\"pathogenOf\") \"Nilaparvata lugens\"",
        "Area" : "\"Tropical South Asia\"",
        "shared_interaction" : "\"pathogenOf\"",
        "latitude" : 13.0,
        "name" : "\"Hirsutella\" (\"pathogenOf\") \"Nilaparvata lugens\"",
        "interaction" : "\"pathogenOf\"",
        "SUID" : 794,
        "selected" : false,
        "longitude" : 122.0
      },
      "selected" : false
    }, {
      "data" : {
        "id" : "792",
        "source" : "760",
        "target" : "791",
        "shared_name" : "\"Hirsutella\" (\"pathogenOf\") \"Sepedon\"",
        "Area" : "\"Tropical South Asia\"",
        "shared_interaction" : "\"pathogenOf\"",
        "latitude" : 13.0,
        "name" : "\"Hirsutella\" (\"pathogenOf\") \"Sepedon\"",
        "interaction" : "\"pathogenOf\"",
        "SUID" : 792,
        "selected" : false,
        "longitude" : 122.0
      },
      "selected" : false
    }, {
      "data" : {
        "id" : "790",
        "source" : "760",
        "target" : "789",
        "shared_name" : "\"Hirsutella\" (\"pathogenOf\") \"Cyrtorhinus lividipennis\"",
        "Area" : "\"Tropical South Asia\"",
        "shared_interaction" : "\"pathogenOf\"",
        "latitude" : 13.0,
        "name" : "\"Hirsutella\" (\"pathogenOf\") \"Cyrtorhinus lividipennis\"",
        "interaction" : "\"pathogenOf\"",
        "SUID" : 790,
        "selected" : false,
        "longitude" : 122.0
      },
      "selected" : false
    }, {
      "data" : {
        "id" : "788",
        "source" : "760",
        "target" : "787",
        "shared_name" : "\"Hirsutella\" (\"pathogenOf\") \"Idioscopus nitidulus\"",
        "Area" : "\"Tropical South Asia\"",
        "shared_interaction" : "\"pathogenOf\"",
        "latitude" : 2.5,
        "name" : "\"Hirsutella\" (\"pathogenOf\") \"Idioscopus nitidulus\"",
        "interaction" : "\"pathogenOf\"",
        "SUID" : 788,
        "selected" : false,
        "longitude" : 112.5
      },
      "selected" : false
    }, {
      "data" : {
        "id" : "786",
        "source" : "760",
        "target" : "785",
        "shared_name" : "\"Hirsutella\" (\"pathogenOf\") \"Rastrococcus\"",
        "Area" : "\"Tropical Africa\"",
        "shared_interaction" : "\"pathogenOf\"",
        "latitude" : 8.66667,
        "name" : "\"Hirsutella\" (\"pathogenOf\") \"Rastrococcus\"",
        "interaction" : "\"pathogenOf\"",
        "SUID" : 786,
        "selected" : false,
        "longitude" : 1.08333
      },
      "selected" : false
    }, {
      "data" : {
        "id" : "784",
        "source" : "760",
        "target" : "783",
        "shared_name" : "\"Hirsutella\" (\"pathogenOf\") \"Eriophyes\"",
        "Area" : "\"Tropical Africa\"",
        "shared_interaction" : "\"pathogenOf\"",
        "latitude" : 8.0,
        "name" : "\"Hirsutella\" (\"pathogenOf\") \"Eriophyes\"",
        "interaction" : "\"pathogenOf\"",
        "SUID" : 784,
        "selected" : false,
        "longitude" : -5.5
      },
      "selected" : false
    }, {
      "data" : {
        "id" : "782",
        "source" : "760",
        "target" : "781",
        "shared_name" : "\"Hirsutella\" (\"pathogenOf\") \"Empoasca\"",
        "Area" : "\"Tropical South-America\"",
        "shared_interaction" : "\"pathogenOf\"",
        "latitude" : -10.0,
        "name" : "\"Hirsutella\" (\"pathogenOf\") \"Empoasca\"",
        "interaction" : "\"pathogenOf\"",
        "SUID" : 782,
        "selected" : false,
        "longitude" : -55.0
      },
      "selected" : false
    }, {
      "data" : {
        "id" : "780",
        "source" : "760",
        "target" : "779",
        "shared_name" : "\"Hirsutella\" (\"pathogenOf\") \"Lymantria\"",
        "Area" : "\"Temperate Asia\"",
        "shared_interaction" : "\"pathogenOf\"",
        "latitude" : 35.68536,
        "name" : "\"Hirsutella\" (\"pathogenOf\") \"Lymantria\"",
        "interaction" : "\"pathogenOf\"",
        "SUID" : 780,
        "selected" : false,
        "longitude" : 139.75309
      },
      "selected" : false
    }, {
      "data" : {
        "id" : "778",
        "source" : "760",
        "target" : "777",
        "shared_name" : "\"Hirsutella\" (\"pathogenOf\") \"Bombyx mori\"",
        "Area" : "\"Temperate Asia\"",
        "shared_interaction" : "\"pathogenOf\"",
        "latitude" : 35.68536,
        "name" : "\"Hirsutella\" (\"pathogenOf\") \"Bombyx mori\"",
        "interaction" : "\"pathogenOf\"",
        "SUID" : 778,
        "selected" : false,
        "longitude" : 139.75309
      },
      "selected" : false
    }, {
      "data" : {
        "id" : "776",
        "source" : "760",
        "target" : "775",
        "shared_name" : "\"Hirsutella\" (\"pathogenOf\") \"Chilo suppressalis\"",
        "Area" : "\"Temperate Asia\"",
        "shared_interaction" : "\"pathogenOf\"",
        "latitude" : 35.68536,
        "name" : "\"Hirsutella\" (\"pathogenOf\") \"Chilo suppressalis\"",
        "interaction" : "\"pathogenOf\"",
        "SUID" : 776,
        "selected" : false,
        "longitude" : 139.75309
      },
      "selected" : false
    }, {
      "data" : {
        "id" : "774",
        "source" : "760",
        "target" : "773",
        "shared_name" : "\"Hirsutella\" (\"pathogenOf\") \"Homona magnanima\"",
        "Area" : "\"Temperate Asia\"",
        "shared_interaction" : "\"pathogenOf\"",
        "latitude" : 35.68536,
        "name" : "\"Hirsutella\" (\"pathogenOf\") \"Homona magnanima\"",
        "interaction" : "\"pathogenOf\"",
        "SUID" : 774,
        "selected" : false,
        "longitude" : 139.75309
      },
      "selected" : false
    }, {
      "data" : {
        "id" : "772",
        "source" : "760",
        "target" : "771",
        "shared_name" : "\"Hirsutella\" (\"pathogenOf\") \"Dioryctria splendidella\"",
        "Area" : "\"Temperate Asia\"",
        "shared_interaction" : "\"pathogenOf\"",
        "latitude" : 35.68536,
        "name" : "\"Hirsutella\" (\"pathogenOf\") \"Dioryctria splendidella\"",
        "interaction" : "\"pathogenOf\"",
        "SUID" : 772,
        "selected" : false,
        "longitude" : 139.75309
      },
      "selected" : false
    }, {
      "data" : {
        "id" : "770",
        "source" : "760",
        "target" : "769",
        "shared_name" : "\"Hirsutella\" (\"pathogenOf\") \"Dioryctria sylvestrella\"",
        "Area" : "\"Temperate Asia\"",
        "shared_interaction" : "\"pathogenOf\"",
        "latitude" : 35.68536,
        "name" : "\"Hirsutella\" (\"pathogenOf\") \"Dioryctria sylvestrella\"",
        "interaction" : "\"pathogenOf\"",
        "SUID" : 770,
        "selected" : false,
        "longitude" : 139.75309
      },
      "selected" : false
    }, {
      "data" : {
        "id" : "768",
        "source" : "760",
        "target" : "767",
        "shared_name" : "\"Hirsutella\" (\"pathogenOf\") \"Dynaspidiotus tsugae\"",
        "Area" : "\"Temperate Asia\"",
        "shared_interaction" : "\"pathogenOf\"",
        "latitude" : 35.68536,
        "name" : "\"Hirsutella\" (\"pathogenOf\") \"Dynaspidiotus tsugae\"",
        "interaction" : "\"pathogenOf\"",
        "SUID" : 768,
        "selected" : false,
        "longitude" : 139.75309
      },
      "selected" : false
    }, {
      "data" : {
        "id" : "766",
        "source" : "760",
        "target" : "765",
        "shared_name" : "\"Hirsutella\" (\"pathogenOf\") \"Bambalina\"",
        "Area" : "\"Temperate Asia\"",
        "shared_interaction" : "\"pathogenOf\"",
        "latitude" : 35.68536,
        "name" : "\"Hirsutella\" (\"pathogenOf\") \"Bambalina\"",
        "interaction" : "\"pathogenOf\"",
        "SUID" : 766,
        "selected" : false,
        "longitude" : 139.75309
      },
      "selected" : false
    }, {
      "data" : {
        "id" : "764",
        "source" : "760",
        "target" : "763",
        "shared_name" : "\"Hirsutella\" (\"pathogenOf\") \"Graptopsaltria nigrofuscata\"",
        "Area" : "\"Temperate Asia\"",
        "shared_interaction" : "\"pathogenOf\"",
        "latitude" : 35.68536,
        "name" : "\"Hirsutella\" (\"pathogenOf\") \"Graptopsaltria nigrofuscata\"",
        "interaction" : "\"pathogenOf\"",
        "SUID" : 764,
        "selected" : false,
        "longitude" : 139.75309
      },
      "selected" : false
    }, {
      "data" : {
        "id" : "762",
        "source" : "760",
        "target" : "761",
        "shared_name" : "\"Hirsutella\" (\"pathogenOf\") \"Stathmopoda\"",
        "Area" : "\"Temperate Asia\"",
        "shared_interaction" : "\"pathogenOf\"",
        "latitude" : 35.68536,
        "name" : "\"Hirsutella\" (\"pathogenOf\") \"Stathmopoda\"",
        "interaction" : "\"pathogenOf\"",
        "SUID" : 762,
        "selected" : false,
        "longitude" : 139.75309
      },
      "selected" : false
    } ]
  }
}