{
  "format_version" : "1.0",
  "generated_by" : "cytoscape-3.5.0",
  "target_cytoscapejs_version" : "~2.1",
  "data" : {
    "shared_name" : "Nectria_coccophila.csv",
    "name" : "Nectria_coccophila.csv",
    "SUID" : 1680,
    "__Annotations" : [ ],
    "selected" : false
  },
  "elements" : {
    "nodes" : [ {
      "data" : {
        "id" : "1738",
        "shared_name" : "\"Parlatoria ziziphi\"",
        "name" : "\"Parlatoria ziziphi\"",
        "SUID" : 1738,
        "selected" : false
      },
      "position" : {
        "x" : 66.97574768066406,
        "y" : -149.50025913238525
      },
      "selected" : false
    }, {
      "data" : {
        "id" : "1736",
        "shared_name" : "\"Aspidiotus\"",
        "name" : "\"Aspidiotus\"",
        "SUID" : 1736,
        "selected" : false
      },
      "position" : {
        "x" : 135.47367248535156,
        "y" : 103.08973529815674
      },
      "selected" : false
    }, {
      "data" : {
        "id" : "1734",
        "shared_name" : "\"Diaspis\"",
        "name" : "\"Diaspis\"",
        "SUID" : 1734,
        "selected" : false
      },
      "position" : {
        "x" : 112.10468444824218,
        "y" : -12.818938941955565
      },
      "selected" : false
    }, {
      "data" : {
        "id" : "1732",
        "shared_name" : "\"Mytilaspis\"",
        "name" : "\"Mytilaspis\"",
        "SUID" : 1732,
        "selected" : false
      },
      "position" : {
        "x" : 49.44553527832031,
        "y" : 89.7678511428833
      },
      "selected" : false
    }, {
      "data" : {
        "id" : "1729",
        "shared_name" : "\"Pseudaonidia trilobitiformis\"",
        "name" : "\"Pseudaonidia trilobitiformis\"",
        "SUID" : 1729,
        "selected" : false
      },
      "position" : {
        "x" : 76.47345886230468,
        "y" : -74.71475193023682
      },
      "selected" : false
    }, {
      "data" : {
        "id" : "1727",
        "shared_name" : "\"Lepidosaphes beckii\"",
        "name" : "\"Lepidosaphes beckii\"",
        "SUID" : 1727,
        "selected" : false
      },
      "position" : {
        "x" : 78.0478302001953,
        "y" : 151.6032660293579
      },
      "selected" : false
    }, {
      "data" : {
        "id" : "1725",
        "shared_name" : "\"Aspidiotus destructor\"",
        "name" : "\"Aspidiotus destructor\"",
        "SUID" : 1725,
        "selected" : false
      },
      "position" : {
        "x" : 166.6852813720703,
        "y" : -45.771819801330565
      },
      "selected" : false
    }, {
      "data" : {
        "id" : "1723",
        "shared_name" : "\"Unaspis citri\"",
        "name" : "\"Unaspis citri\"",
        "SUID" : 1723,
        "selected" : false
      },
      "position" : {
        "x" : -119.50816955566407,
        "y" : 75.95890453338623
      },
      "selected" : false
    }, {
      "data" : {
        "id" : "1721",
        "shared_name" : "\"Lepidosaphes pallida\"",
        "name" : "\"Lepidosaphes pallida\"",
        "SUID" : 1721,
        "selected" : false
      },
      "position" : {
        "x" : -38.51225891113282,
        "y" : 164.38057735443115
      },
      "selected" : false
    }, {
      "data" : {
        "id" : "1719",
        "shared_name" : "\"Parlatoria theae\"",
        "name" : "\"Parlatoria theae\"",
        "SUID" : 1719,
        "selected" : false
      },
      "position" : {
        "x" : 2.4417053222656193,
        "y" : -168.7598416519165
      },
      "selected" : false
    }, {
      "data" : {
        "id" : "1717",
        "shared_name" : "\"Aspidites\"",
        "name" : "\"Aspidites\"",
        "SUID" : 1717,
        "selected" : false
      },
      "position" : {
        "x" : 165.07532653808593,
        "y" : 33.676063804626466
      },
      "selected" : false
    }, {
      "data" : {
        "id" : "1715",
        "shared_name" : "\"Lopholeucaspis japonica\"",
        "name" : "\"Lopholeucaspis japonica\"",
        "SUID" : 1715,
        "selected" : false
      },
      "position" : {
        "x" : -65.00316467285157,
        "y" : -150.2793729019165
      },
      "selected" : false
    }, {
      "data" : {
        "id" : "1713",
        "shared_name" : "\"Pseudaonidia duplex\"",
        "name" : "\"Pseudaonidia duplex\"",
        "SUID" : 1713,
        "selected" : false
      },
      "position" : {
        "x" : 8.23204956054687,
        "y" : -104.99247714996338
      },
      "selected" : false
    }, {
      "data" : {
        "id" : "1711",
        "shared_name" : "\"Pseudaulacaspis pentagona\"",
        "name" : "\"Pseudaulacaspis pentagona\"",
        "SUID" : 1711,
        "selected" : false
      },
      "position" : {
        "x" : -99.2149871826172,
        "y" : 13.664390830993653
      },
      "selected" : false
    }, {
      "data" : {
        "id" : "1709",
        "shared_name" : "\"Lepidosaphes\"",
        "name" : "\"Lepidosaphes\"",
        "SUID" : 1709,
        "selected" : false
      },
      "position" : {
        "x" : -167.6671356201172,
        "y" : 36.82684352874756
      },
      "selected" : false
    }, {
      "data" : {
        "id" : "1707",
        "shared_name" : "\"Unaspidiotus corticispini\"",
        "name" : "\"Unaspidiotus corticispini\"",
        "SUID" : 1707,
        "selected" : false
      },
      "position" : {
        "x" : 97.85431823730468,
        "y" : 52.70110347747803
      },
      "selected" : false
    }, {
      "data" : {
        "id" : "1705",
        "shared_name" : "\"Lindingaspis\"",
        "name" : "\"Lindingaspis\"",
        "SUID" : 1705,
        "selected" : false
      },
      "position" : {
        "x" : -108.37801971435547,
        "y" : -50.79363986968994
      },
      "selected" : false
    }, {
      "data" : {
        "id" : "1703",
        "shared_name" : "\"Pseudaulacapsis cockerelli\"",
        "name" : "\"Pseudaulacapsis cockerelli\"",
        "SUID" : 1703,
        "selected" : false
      },
      "position" : {
        "x" : -53.564733886718756,
        "y" : -81.26074192047119
      },
      "selected" : false
    }, {
      "data" : {
        "id" : "1701",
        "shared_name" : "\"Andaspis tokyoensis\"",
        "name" : "\"Andaspis tokyoensis\"",
        "SUID" : 1701,
        "selected" : false
      },
      "position" : {
        "x" : -125.13082733154297,
        "y" : -115.76321384429932
      },
      "selected" : false
    }, {
      "data" : {
        "id" : "1699",
        "shared_name" : "\"Comstockaspis paraphyses\"",
        "name" : "\"Comstockaspis paraphyses\"",
        "SUID" : 1699,
        "selected" : false
      },
      "position" : {
        "x" : 17.11235961914062,
        "y" : 151.07830646514893
      },
      "selected" : false
    }, {
      "data" : {
        "id" : "1697",
        "shared_name" : "\"Diaspidiotus perniciosus\"",
        "name" : "\"Diaspidiotus perniciosus\"",
        "SUID" : 1697,
        "selected" : false
      },
      "position" : {
        "x" : 125.56290588378906,
        "y" : -115.38409397125244
      },
      "selected" : false
    }, {
      "data" : {
        "id" : "1695",
        "shared_name" : "\"Cynodontaspis edentata\"",
        "name" : "\"Cynodontaspis edentata\"",
        "SUID" : 1695,
        "selected" : false
      },
      "position" : {
        "x" : -48.51924743652344,
        "y" : 97.67428043365479
      },
      "selected" : false
    }, {
      "data" : {
        "id" : "1693",
        "shared_name" : "\"Parlatoreopsis\"",
        "name" : "\"Parlatoreopsis\"",
        "SUID" : 1693,
        "selected" : false
      },
      "position" : {
        "x" : -108.5067352294922,
        "y" : 132.42953422546387
      },
      "selected" : false
    }, {
      "data" : {
        "id" : "1691",
        "shared_name" : "\"Pseudaulacapsis celtis\"",
        "name" : "\"Pseudaulacapsis celtis\"",
        "SUID" : 1691,
        "selected" : false
      },
      "position" : {
        "x" : -167.7763427734375,
        "y" : -34.72471591949463
      },
      "selected" : false
    }, {
      "data" : {
        "id" : "1690",
        "shared_name" : "\"Nectria coccophila\"",
        "name" : "\"Nectria coccophila\"",
        "SUID" : 1690,
        "selected" : false
      },
      "position" : {
        "x" : 0.2967468261718693,
        "y" : 1.9130099105834972
      },
      "selected" : false
    } ],
    "edges" : [ {
      "data" : {
        "id" : "1739",
        "source" : "1690",
        "target" : "1738",
        "shared_name" : "\"Nectria coccophila\" (\"pathogenOf\") \"Parlatoria ziziphi\"",
        "Area" : "\"Tropical South Asia\"",
        "shared_interaction" : "\"pathogenOf\"",
        "latitude" : 13.9427,
        "name" : "\"Nectria coccophila\" (\"pathogenOf\") \"Parlatoria ziziphi\"",
        "interaction" : "\"pathogenOf\"",
        "SUID" : 1739,
        "selected" : false,
        "longitude" : 121.8463
      },
      "selected" : false
    }, {
      "data" : {
        "id" : "1737",
        "source" : "1690",
        "target" : "1736",
        "shared_name" : "\"Nectria coccophila\" (\"pathogenOf\") \"Aspidiotus\"",
        "Area" : "\"Tropical South Asia\"",
        "shared_interaction" : "\"pathogenOf\"",
        "latitude" : 13.9427,
        "name" : "\"Nectria coccophila\" (\"pathogenOf\") \"Aspidiotus\"",
        "interaction" : "\"pathogenOf\"",
        "SUID" : 1737,
        "selected" : false,
        "longitude" : 121.8463
      },
      "selected" : false
    }, {
      "data" : {
        "id" : "1735",
        "source" : "1690",
        "target" : "1734",
        "shared_name" : "\"Nectria coccophila\" (\"pathogenOf\") \"Diaspis\"",
        "Area" : "\"Tropical South Asia\"",
        "shared_interaction" : "\"pathogenOf\"",
        "latitude" : 13.9427,
        "name" : "\"Nectria coccophila\" (\"pathogenOf\") \"Diaspis\"",
        "interaction" : "\"pathogenOf\"",
        "SUID" : 1735,
        "selected" : false,
        "longitude" : 121.8463
      },
      "selected" : false
    }, {
      "data" : {
        "id" : "1733",
        "source" : "1690",
        "target" : "1732",
        "shared_name" : "\"Nectria coccophila\" (\"pathogenOf\") \"Mytilaspis\"",
        "Area" : "\"Tropical South Asia\"",
        "shared_interaction" : "\"pathogenOf\"",
        "latitude" : 13.9427,
        "name" : "\"Nectria coccophila\" (\"pathogenOf\") \"Mytilaspis\"",
        "interaction" : "\"pathogenOf\"",
        "SUID" : 1733,
        "selected" : false,
        "longitude" : 121.8463
      },
      "selected" : false
    }, {
      "data" : {
        "id" : "1731",
        "source" : "1690",
        "target" : "1711",
        "shared_name" : "\"Nectria coccophila\" (\"pathogenOf\") \"Pseudaulacaspis pentagona\"",
        "Area" : "\"Tropical Africa\"",
        "shared_interaction" : "\"pathogenOf\"",
        "latitude" : 1.0,
        "name" : "\"Nectria coccophila\" (\"pathogenOf\") \"Pseudaulacaspis pentagona\"",
        "interaction" : "\"pathogenOf\"",
        "SUID" : 1731,
        "selected" : false,
        "longitude" : 7.0
      },
      "selected" : false
    }, {
      "data" : {
        "id" : "1730",
        "source" : "1690",
        "target" : "1729",
        "shared_name" : "\"Nectria coccophila\" (\"pathogenOf\") \"Pseudaonidia trilobitiformis\"",
        "Area" : "\"Tropical Africa\"",
        "shared_interaction" : "\"pathogenOf\"",
        "latitude" : 1.0,
        "name" : "\"Nectria coccophila\" (\"pathogenOf\") \"Pseudaonidia trilobitiformis\"",
        "interaction" : "\"pathogenOf\"",
        "SUID" : 1730,
        "selected" : false,
        "longitude" : 7.0
      },
      "selected" : false
    }, {
      "data" : {
        "id" : "1728",
        "source" : "1690",
        "target" : "1727",
        "shared_name" : "\"Nectria coccophila\" (\"pathogenOf\") \"Lepidosaphes beckii\"",
        "Area" : "\"Tropical Africa\"",
        "shared_interaction" : "\"pathogenOf\"",
        "latitude" : -2.5,
        "name" : "\"Nectria coccophila\" (\"pathogenOf\") \"Lepidosaphes beckii\"",
        "interaction" : "\"pathogenOf\"",
        "SUID" : 1728,
        "selected" : false,
        "longitude" : 23.5
      },
      "selected" : false
    }, {
      "data" : {
        "id" : "1726",
        "source" : "1690",
        "target" : "1725",
        "shared_name" : "\"Nectria coccophila\" (\"pathogenOf\") \"Aspidiotus destructor\"",
        "Area" : "\"Tropical Africa\"",
        "shared_interaction" : "\"pathogenOf\"",
        "latitude" : 8.1,
        "name" : "\"Nectria coccophila\" (\"pathogenOf\") \"Aspidiotus destructor\"",
        "interaction" : "\"pathogenOf\"",
        "SUID" : 1726,
        "selected" : false,
        "longitude" : -1.2
      },
      "selected" : false
    }, {
      "data" : {
        "id" : "1724",
        "source" : "1690",
        "target" : "1723",
        "shared_name" : "\"Nectria coccophila\" (\"pathogenOf\") \"Unaspis citri\"",
        "Area" : "\"Tropical South-America\"",
        "shared_interaction" : "\"pathogenOf\"",
        "latitude" : 5.0,
        "name" : "\"Nectria coccophila\" (\"pathogenOf\") \"Unaspis citri\"",
        "interaction" : "\"pathogenOf\"",
        "SUID" : 1724,
        "selected" : false,
        "longitude" : -59.0
      },
      "selected" : false
    }, {
      "data" : {
        "id" : "1722",
        "source" : "1690",
        "target" : "1721",
        "shared_name" : "\"Nectria coccophila\" (\"pathogenOf\") \"Lepidosaphes pallida\"",
        "Area" : "\"Temperate Asia\"",
        "shared_interaction" : "\"pathogenOf\"",
        "latitude" : 35.68536,
        "name" : "\"Nectria coccophila\" (\"pathogenOf\") \"Lepidosaphes pallida\"",
        "interaction" : "\"pathogenOf\"",
        "SUID" : 1722,
        "selected" : false,
        "longitude" : 139.75309
      },
      "selected" : false
    }, {
      "data" : {
        "id" : "1720",
        "source" : "1690",
        "target" : "1719",
        "shared_name" : "\"Nectria coccophila\" (\"pathogenOf\") \"Parlatoria theae\"",
        "Area" : "\"Temperate Asia\"",
        "shared_interaction" : "\"pathogenOf\"",
        "latitude" : 35.68536,
        "name" : "\"Nectria coccophila\" (\"pathogenOf\") \"Parlatoria theae\"",
        "interaction" : "\"pathogenOf\"",
        "SUID" : 1720,
        "selected" : false,
        "longitude" : 139.75309
      },
      "selected" : false
    }, {
      "data" : {
        "id" : "1718",
        "source" : "1690",
        "target" : "1717",
        "shared_name" : "\"Nectria coccophila\" (\"pathogenOf\") \"Aspidites\"",
        "Area" : "\"Temperate Asia\"",
        "shared_interaction" : "\"pathogenOf\"",
        "latitude" : 35.68536,
        "name" : "\"Nectria coccophila\" (\"pathogenOf\") \"Aspidites\"",
        "interaction" : "\"pathogenOf\"",
        "SUID" : 1718,
        "selected" : false,
        "longitude" : 139.75309
      },
      "selected" : false
    }, {
      "data" : {
        "id" : "1716",
        "source" : "1690",
        "target" : "1715",
        "shared_name" : "\"Nectria coccophila\" (\"pathogenOf\") \"Lopholeucaspis japonica\"",
        "Area" : "\"Temperate Asia\"",
        "shared_interaction" : "\"pathogenOf\"",
        "latitude" : 35.68536,
        "name" : "\"Nectria coccophila\" (\"pathogenOf\") \"Lopholeucaspis japonica\"",
        "interaction" : "\"pathogenOf\"",
        "SUID" : 1716,
        "selected" : false,
        "longitude" : 139.75309
      },
      "selected" : false
    }, {
      "data" : {
        "id" : "1714",
        "source" : "1690",
        "target" : "1713",
        "shared_name" : "\"Nectria coccophila\" (\"pathogenOf\") \"Pseudaonidia duplex\"",
        "Area" : "\"Temperate Asia\"",
        "shared_interaction" : "\"pathogenOf\"",
        "latitude" : 35.68536,
        "name" : "\"Nectria coccophila\" (\"pathogenOf\") \"Pseudaonidia duplex\"",
        "interaction" : "\"pathogenOf\"",
        "SUID" : 1714,
        "selected" : false,
        "longitude" : 139.75309
      },
      "selected" : false
    }, {
      "data" : {
        "id" : "1712",
        "source" : "1690",
        "target" : "1711",
        "shared_name" : "\"Nectria coccophila\" (\"pathogenOf\") \"Pseudaulacaspis pentagona\"",
        "Area" : "\"Temperate Asia\"",
        "shared_interaction" : "\"pathogenOf\"",
        "latitude" : 35.68536,
        "name" : "\"Nectria coccophila\" (\"pathogenOf\") \"Pseudaulacaspis pentagona\"",
        "interaction" : "\"pathogenOf\"",
        "SUID" : 1712,
        "selected" : false,
        "longitude" : 139.75309
      },
      "selected" : false
    }, {
      "data" : {
        "id" : "1710",
        "source" : "1690",
        "target" : "1709",
        "shared_name" : "\"Nectria coccophila\" (\"pathogenOf\") \"Lepidosaphes\"",
        "Area" : "\"Temperate Asia\"",
        "shared_interaction" : "\"pathogenOf\"",
        "latitude" : 35.68536,
        "name" : "\"Nectria coccophila\" (\"pathogenOf\") \"Lepidosaphes\"",
        "interaction" : "\"pathogenOf\"",
        "SUID" : 1710,
        "selected" : false,
        "longitude" : 139.75309
      },
      "selected" : false
    }, {
      "data" : {
        "id" : "1708",
        "source" : "1690",
        "target" : "1707",
        "shared_name" : "\"Nectria coccophila\" (\"pathogenOf\") \"Unaspidiotus corticispini\"",
        "Area" : "\"Temperate Asia\"",
        "shared_interaction" : "\"pathogenOf\"",
        "latitude" : 35.68536,
        "name" : "\"Nectria coccophila\" (\"pathogenOf\") \"Unaspidiotus corticispini\"",
        "interaction" : "\"pathogenOf\"",
        "SUID" : 1708,
        "selected" : false,
        "longitude" : 139.75309
      },
      "selected" : false
    }, {
      "data" : {
        "id" : "1706",
        "source" : "1690",
        "target" : "1705",
        "shared_name" : "\"Nectria coccophila\" (\"pathogenOf\") \"Lindingaspis\"",
        "Area" : "\"Temperate Asia\"",
        "shared_interaction" : "\"pathogenOf\"",
        "latitude" : 35.68536,
        "name" : "\"Nectria coccophila\" (\"pathogenOf\") \"Lindingaspis\"",
        "interaction" : "\"pathogenOf\"",
        "SUID" : 1706,
        "selected" : false,
        "longitude" : 139.75309
      },
      "selected" : false
    }, {
      "data" : {
        "id" : "1704",
        "source" : "1690",
        "target" : "1703",
        "shared_name" : "\"Nectria coccophila\" (\"pathogenOf\") \"Pseudaulacapsis cockerelli\"",
        "Area" : "\"Temperate Asia\"",
        "shared_interaction" : "\"pathogenOf\"",
        "latitude" : 35.68536,
        "name" : "\"Nectria coccophila\" (\"pathogenOf\") \"Pseudaulacapsis cockerelli\"",
        "interaction" : "\"pathogenOf\"",
        "SUID" : 1704,
        "selected" : false,
        "longitude" : 139.75309
      },
      "selected" : false
    }, {
      "data" : {
        "id" : "1702",
        "source" : "1690",
        "target" : "1701",
        "shared_name" : "\"Nectria coccophila\" (\"pathogenOf\") \"Andaspis tokyoensis\"",
        "Area" : "\"Temperate Asia\"",
        "shared_interaction" : "\"pathogenOf\"",
        "latitude" : 35.68536,
        "name" : "\"Nectria coccophila\" (\"pathogenOf\") \"Andaspis tokyoensis\"",
        "interaction" : "\"pathogenOf\"",
        "SUID" : 1702,
        "selected" : false,
        "longitude" : 139.75309
      },
      "selected" : false
    }, {
      "data" : {
        "id" : "1700",
        "source" : "1690",
        "target" : "1699",
        "shared_name" : "\"Nectria coccophila\" (\"pathogenOf\") \"Comstockaspis paraphyses\"",
        "Area" : "\"Temperate Asia\"",
        "shared_interaction" : "\"pathogenOf\"",
        "latitude" : 35.68536,
        "name" : "\"Nectria coccophila\" (\"pathogenOf\") \"Comstockaspis paraphyses\"",
        "interaction" : "\"pathogenOf\"",
        "SUID" : 1700,
        "selected" : false,
        "longitude" : 139.75309
      },
      "selected" : false
    }, {
      "data" : {
        "id" : "1698",
        "source" : "1690",
        "target" : "1697",
        "shared_name" : "\"Nectria coccophila\" (\"pathogenOf\") \"Diaspidiotus perniciosus\"",
        "Area" : "\"Temperate Asia\"",
        "shared_interaction" : "\"pathogenOf\"",
        "latitude" : 35.68536,
        "name" : "\"Nectria coccophila\" (\"pathogenOf\") \"Diaspidiotus perniciosus\"",
        "interaction" : "\"pathogenOf\"",
        "SUID" : 1698,
        "selected" : false,
        "longitude" : 139.75309
      },
      "selected" : false
    }, {
      "data" : {
        "id" : "1696",
        "source" : "1690",
        "target" : "1695",
        "shared_name" : "\"Nectria coccophila\" (\"pathogenOf\") \"Cynodontaspis edentata\"",
        "Area" : "\"Temperate Asia\"",
        "shared_interaction" : "\"pathogenOf\"",
        "latitude" : 35.68536,
        "name" : "\"Nectria coccophila\" (\"pathogenOf\") \"Cynodontaspis edentata\"",
        "interaction" : "\"pathogenOf\"",
        "SUID" : 1696,
        "selected" : false,
        "longitude" : 139.75309
      },
      "selected" : false
    }, {
      "data" : {
        "id" : "1694",
        "source" : "1690",
        "target" : "1693",
        "shared_name" : "\"Nectria coccophila\" (\"pathogenOf\") \"Parlatoreopsis\"",
        "Area" : "\"Temperate Asia\"",
        "shared_interaction" : "\"pathogenOf\"",
        "latitude" : 35.68536,
        "name" : "\"Nectria coccophila\" (\"pathogenOf\") \"Parlatoreopsis\"",
        "interaction" : "\"pathogenOf\"",
        "SUID" : 1694,
        "selected" : false,
        "longitude" : 139.75309
      },
      "selected" : false
    }, {
      "data" : {
        "id" : "1692",
        "source" : "1690",
        "target" : "1691",
        "shared_name" : "\"Nectria coccophila\" (\"pathogenOf\") \"Pseudaulacapsis celtis\"",
        "Area" : "\"Temperate Asia\"",
        "shared_interaction" : "\"pathogenOf\"",
        "latitude" : 35.68536,
        "name" : "\"Nectria coccophila\" (\"pathogenOf\") \"Pseudaulacapsis celtis\"",
        "interaction" : "\"pathogenOf\"",
        "SUID" : 1692,
        "selected" : false,
        "longitude" : 139.75309
      },
      "selected" : false
    } ]
  }
}