{
  "format_version" : "1.0",
  "generated_by" : "cytoscape-3.5.0",
  "target_cytoscapejs_version" : "~2.1",
  "data" : {
    "shared_name" : "NPV.csv",
    "name" : "NPV.csv",
    "SUID" : 1792,
    "__Annotations" : [ ],
    "selected" : false
  },
  "elements" : {
    "nodes" : [ {
      "data" : {
        "id" : "1989",
        "shared_name" : "\"Hyposidra talaca\"",
        "name" : "\"Hyposidra talaca\"",
        "SUID" : 1989,
        "selected" : false
      },
      "position" : {
        "x" : 268.179954593486,
        "y" : -30.099924563727484
      },
      "selected" : false
    }, {
      "data" : {
        "id" : "1985",
        "shared_name" : "\"Parasa viridissima\"",
        "name" : "\"Parasa viridissima\"",
        "SUID" : 1985,
        "selected" : false
      },
      "position" : {
        "x" : 131.654319827861,
        "y" : -22.011988162360296
      },
      "selected" : false
    }, {
      "data" : {
        "id" : "1983",
        "shared_name" : "\"Pogonia\"",
        "name" : "\"Pogonia\"",
        "SUID" : 1983,
        "selected" : false
      },
      "position" : {
        "x" : -28.320022518330404,
        "y" : 74.84089040819634
      },
      "selected" : false
    }, {
      "data" : {
        "id" : "1981",
        "shared_name" : "\"Amsacta lactinea\"",
        "name" : "\"Amsacta lactinea\"",
        "SUID" : 1981,
        "selected" : false
      },
      "position" : {
        "x" : 100.577659671611,
        "y" : -173.74330758985053
      },
      "selected" : false
    }, {
      "data" : {
        "id" : "1979",
        "shared_name" : "\"Yponomeuta\"",
        "name" : "\"Yponomeuta\"",
        "SUID" : 1979,
        "selected" : false
      },
      "position" : {
        "x" : -63.01908868043978,
        "y" : -48.271814822516546
      },
      "selected" : false
    }, {
      "data" : {
        "id" : "1977",
        "shared_name" : "\"Xestia c-nigrum\"",
        "name" : "\"Xestia c-nigrum\"",
        "SUID" : 1977,
        "selected" : false
      },
      "position" : {
        "x" : 232.76096350461881,
        "y" : 17.367135525383844
      },
      "selected" : false
    }, {
      "data" : {
        "id" : "1975",
        "shared_name" : "\"Ctenoplusia\"",
        "name" : "\"Ctenoplusia\"",
        "SUID" : 1975,
        "selected" : false
      },
      "position" : {
        "x" : 209.250022952861,
        "y" : 67.10630178514947
      },
      "selected" : false
    }, {
      "data" : {
        "id" : "1973",
        "shared_name" : "\"Clostera inclusa\"",
        "name" : "\"Clostera inclusa\"",
        "SUID" : 1973,
        "selected" : false
      },
      "position" : {
        "x" : -238.10391991823275,
        "y" : 118.53287649218072
      },
      "selected" : false
    }, {
      "data" : {
        "id" : "1971",
        "shared_name" : "\"Actias artemis\"",
        "name" : "\"Actias artemis\"",
        "SUID" : 1971,
        "selected" : false
      },
      "position" : {
        "x" : -51.273555690937826,
        "y" : 164.15541982714166
      },
      "selected" : false
    }, {
      "data" : {
        "id" : "1969",
        "shared_name" : "\"Aedia leucomelas\"",
        "name" : "\"Aedia leucomelas\"",
        "SUID" : 1969,
        "selected" : false
      },
      "position" : {
        "x" : 127.50142676145475,
        "y" : 98.41985464159478
      },
      "selected" : false
    }, {
      "data" : {
        "id" : "1967",
        "shared_name" : "\"Eumeta minuscula\"",
        "name" : "\"Eumeta minuscula\"",
        "SUID" : 1967,
        "selected" : false
      },
      "position" : {
        "x" : -178.19539635866244,
        "y" : -194.23874521192084
      },
      "selected" : false
    }, {
      "data" : {
        "id" : "1965",
        "shared_name" : "\"Hyles gallii\"",
        "name" : "\"Hyles gallii\"",
        "SUID" : 1965,
        "selected" : false
      },
      "position" : {
        "x" : 49.136703555888346,
        "y" : -259.45325326856147
      },
      "selected" : false
    }, {
      "data" : {
        "id" : "1963",
        "shared_name" : "\"Hyphantria cunea\"",
        "name" : "\"Hyphantria cunea\"",
        "SUID" : 1963,
        "selected" : false
      },
      "position" : {
        "x" : 65.83116919309538,
        "y" : -105.20855760510932
      },
      "selected" : false
    }, {
      "data" : {
        "id" : "1961",
        "shared_name" : "\"Spodoptera litura\"",
        "name" : "\"Spodoptera litura\"",
        "SUID" : 1961,
        "selected" : false
      },
      "position" : {
        "x" : -16.072875077420065,
        "y" : -77.91549611028205
      },
      "selected" : false
    }, {
      "data" : {
        "id" : "1959",
        "shared_name" : "\"Mythimna\"",
        "name" : "\"Mythimna\"",
        "SUID" : 1959,
        "selected" : false
      },
      "position" : {
        "x" : -55.82861321657259,
        "y" : 263.90339040819634
      },
      "selected" : false
    }, {
      "data" : {
        "id" : "1957",
        "shared_name" : "\"Helicoverpa armigera\"",
        "name" : "\"Helicoverpa armigera\"",
        "SUID" : 1957,
        "selected" : false
      },
      "position" : {
        "x" : -200.74805443971712,
        "y" : 82.8234496122979
      },
      "selected" : false
    }, {
      "data" : {
        "id" : "1955",
        "shared_name" : "\"Euproctis pseudoconspersa\"",
        "name" : "\"Euproctis pseudoconspersa\"",
        "SUID" : 1955,
        "selected" : false
      },
      "position" : {
        "x" : -161.8671187707718,
        "y" : 202.8722014433526
      },
      "selected" : false
    }, {
      "data" : {
        "id" : "1953",
        "shared_name" : "\"Euproctis similis\"",
        "name" : "\"Euproctis similis\"",
        "SUID" : 1953,
        "selected" : false
      },
      "position" : {
        "x" : 68.37582403928678,
        "y" : 31.830430508294
      },
      "selected" : false
    }, {
      "data" : {
        "id" : "1951",
        "shared_name" : "\"Dendrolimus\"",
        "name" : "\"Dendrolimus\"",
        "SUID" : 1951,
        "selected" : false
      },
      "position" : {
        "x" : -114.68390649049837,
        "y" : -49.64356088574897
      },
      "selected" : false
    }, {
      "data" : {
        "id" : "1949",
        "shared_name" : "\"Autographa gamma\"",
        "name" : "\"Autographa gamma\"",
        "SUID" : 1949,
        "selected" : false
      },
      "position" : {
        "x" : 217.75835425168913,
        "y" : -33.39788675244819
      },
      "selected" : false
    }, {
      "data" : {
        "id" : "1947",
        "shared_name" : "\"Autographa\"",
        "name" : "\"Autographa\"",
        "SUID" : 1947,
        "selected" : false
      },
      "position" : {
        "x" : 30.486347263163736,
        "y" : -60.82632684644233
      },
      "selected" : false
    }, {
      "data" : {
        "id" : "1945",
        "shared_name" : "\"Spodoptera exigua\"",
        "name" : "\"Spodoptera exigua\"",
        "SUID" : 1945,
        "selected" : false
      },
      "position" : {
        "x" : -108.50802605836947,
        "y" : -1.9035782807684996
      },
      "selected" : false
    }, {
      "data" : {
        "id" : "1943",
        "shared_name" : "\"Pectinophora gossypiella\"",
        "name" : "\"Pectinophora gossypiella\"",
        "SUID" : 1943,
        "selected" : false
      },
      "position" : {
        "x" : -204.45934289186556,
        "y" : -36.659922122321234
      },
      "selected" : false
    }, {
      "data" : {
        "id" : "1941",
        "shared_name" : "\"Plutella xylostella\"",
        "name" : "\"Plutella xylostella\"",
        "SUID" : 1941,
        "selected" : false
      },
      "position" : {
        "x" : -11.884054119282553,
        "y" : -220.11313486035834
      },
      "selected" : false
    }, {
      "data" : {
        "id" : "1939",
        "shared_name" : "\"Rhyacionia duplana\"",
        "name" : "\"Rhyacionia duplana\"",
        "SUID" : 1939,
        "selected" : false
      },
      "position" : {
        "x" : -259.39757531374056,
        "y" : -4.881803988776312
      },
      "selected" : false
    }, {
      "data" : {
        "id" : "1937",
        "shared_name" : "\"Mamestra brassicae\"",
        "name" : "\"Mamestra brassicae\"",
        "SUID" : 1937,
        "selected" : false
      },
      "position" : {
        "x" : 176.37139136106413,
        "y" : -39.479422091803656
      },
      "selected" : false
    }, {
      "data" : {
        "id" : "1935",
        "shared_name" : "\"Operophtera brumata\"",
        "name" : "\"Operophtera brumata\"",
        "SUID" : 1935,
        "selected" : false
      },
      "position" : {
        "x" : 101.99586493284147,
        "y" : -230.1169342988349
      },
      "selected" : false
    }, {
      "data" : {
        "id" : "1933",
        "shared_name" : "\"Euproctis subflava\"",
        "name" : "\"Euproctis subflava\"",
        "SUID" : 1933,
        "selected" : false
      },
      "position" : {
        "x" : -261.3906783410843,
        "y" : 59.49833059374322
      },
      "selected" : false
    }, {
      "data" : {
        "id" : "1931",
        "shared_name" : "\"Bombyx mandarina\"",
        "name" : "\"Bombyx mandarina\"",
        "SUID" : 1931,
        "selected" : false
      },
      "position" : {
        "x" : -96.65265649049837,
        "y" : 148.42162466112603
      },
      "selected" : false
    }, {
      "data" : {
        "id" : "1929",
        "shared_name" : "\"Anomis flava\"",
        "name" : "\"Anomis flava\"",
        "SUID" : 1929,
        "selected" : false
      },
      "position" : {
        "x" : -120.83516686647494,
        "y" : 240.85041189257134
      },
      "selected" : false
    }, {
      "data" : {
        "id" : "1927",
        "shared_name" : "\"Antheraea pernyi\"",
        "name" : "\"Antheraea pernyi\"",
        "SUID" : 1927,
        "selected" : false
      },
      "position" : {
        "x" : -85.59906762331087,
        "y" : -93.92881250318061
      },
      "selected" : false
    }, {
      "data" : {
        "id" : "1925",
        "shared_name" : "\"Scopelodes contracta\"",
        "name" : "\"Scopelodes contracta\"",
        "SUID" : 1925,
        "selected" : false
      },
      "position" : {
        "x" : -212.3303756067093,
        "y" : -144.93852090772162
      },
      "selected" : false
    }, {
      "data" : {
        "id" : "1923",
        "shared_name" : "\"Agrotis ipsilon\"",
        "name" : "\"Agrotis ipsilon\"",
        "SUID" : 1923,
        "selected" : false
      },
      "position" : {
        "x" : 14.37763983518522,
        "y" : -123.62899637158881
      },
      "selected" : false
    }, {
      "data" : {
        "id" : "1921",
        "shared_name" : "\"Cnidocampa flavescens\"",
        "name" : "\"Cnidocampa flavescens\"",
        "SUID" : 1921,
        "selected" : false
      },
      "position" : {
        "x" : -65.94495003908236,
        "y" : 29.08312368456353
      },
      "selected" : false
    }, {
      "data" : {
        "id" : "1919",
        "shared_name" : "\"Ectropis obliqua\"",
        "name" : "\"Ectropis obliqua\"",
        "SUID" : 1919,
        "selected" : false
      },
      "position" : {
        "x" : -199.71227257936556,
        "y" : 160.15314626757134
      },
      "selected" : false
    }, {
      "data" : {
        "id" : "1917",
        "shared_name" : "\"Conogethes\"",
        "name" : "\"Conogethes\"",
        "SUID" : 1917,
        "selected" : false
      },
      "position" : {
        "x" : 50.49856573850553,
        "y" : -208.80945444043647
      },
      "selected" : false
    }, {
      "data" : {
        "id" : "1915",
        "shared_name" : "\"Agrotis\"",
        "name" : "\"Agrotis\"",
        "SUID" : 1915,
        "selected" : false
      },
      "position" : {
        "x" : 228.67276770383756,
        "y" : 125.0915160185479
      },
      "selected" : false
    }, {
      "data" : {
        "id" : "1913",
        "shared_name" : "\"Sesamia inferens\"",
        "name" : "\"Sesamia inferens\"",
        "SUID" : 1913,
        "selected" : false
      },
      "position" : {
        "x" : 96.9236298254196,
        "y" : -65.53223943646918
      },
      "selected" : false
    }, {
      "data" : {
        "id" : "1911",
        "shared_name" : "\"Chilo suppressalis\"",
        "name" : "\"Chilo suppressalis\"",
        "SUID" : 1911,
        "selected" : false
      },
      "position" : {
        "x" : -176.03092187135775,
        "y" : 6.376092434563532
      },
      "selected" : false
    }, {
      "data" : {
        "id" : "1909",
        "shared_name" : "\"Leucoma salicis\"",
        "name" : "\"Leucoma salicis\"",
        "SUID" : 1909,
        "selected" : false
      },
      "position" : {
        "x" : 13.859924381083658,
        "y" : -177.80489206250678
      },
      "selected" : false
    }, {
      "data" : {
        "id" : "1907",
        "shared_name" : "\"Spilosoma\"",
        "name" : "\"Spilosoma\"",
        "SUID" : 1907,
        "selected" : false
      },
      "position" : {
        "x" : -83.84970086305697,
        "y" : 206.45133352343072
      },
      "selected" : false
    }, {
      "data" : {
        "id" : "1905",
        "shared_name" : "\"Cynthia cardui\"",
        "name" : "\"Cynthia cardui\"",
        "SUID" : 1905,
        "selected" : false
      },
      "position" : {
        "x" : 22.32895285398405,
        "y" : 216.13666677538384
      },
      "selected" : false
    }, {
      "data" : {
        "id" : "1903",
        "shared_name" : "\"Parnara guttata\"",
        "name" : "\"Parnara guttata\"",
        "SUID" : 1903,
        "selected" : false
      },
      "position" : {
        "x" : 147.47502905637663,
        "y" : 222.83231496874322
      },
      "selected" : false
    }, {
      "data" : {
        "id" : "1901",
        "shared_name" : "\"Homona magnanima\"",
        "name" : "\"Homona magnanima\"",
        "SUID" : 1901,
        "selected" : false
      },
      "position" : {
        "x" : 178.03905493528288,
        "y" : 8.130364895501032
      },
      "selected" : false
    }, {
      "data" : {
        "id" : "1899",
        "shared_name" : "\"Cifuna locuples\"",
        "name" : "\"Cifuna locuples\"",
        "SUID" : 1899,
        "selected" : false
      },
      "position" : {
        "x" : -161.77686303346712,
        "y" : -36.75188684400092
      },
      "selected" : false
    }, {
      "data" : {
        "id" : "1897",
        "shared_name" : "\"Cephalcia\"",
        "name" : "\"Cephalcia\"",
        "SUID" : 1897,
        "selected" : false
      },
      "position" : {
        "x" : 78.55426794797819,
        "y" : 257.44284963671197
      },
      "selected" : false
    }, {
      "data" : {
        "id" : "1895",
        "shared_name" : "\"Dioryctria sylvestrella\"",
        "name" : "\"Dioryctria sylvestrella\"",
        "SUID" : 1895,
        "selected" : false
      },
      "position" : {
        "x" : 80.94846350461881,
        "y" : 206.22892141405572
      },
      "selected" : false
    }, {
      "data" : {
        "id" : "1893",
        "shared_name" : "\"Gastropacha orientalis\"",
        "name" : "\"Gastropacha orientalis\"",
        "SUID" : 1893,
        "selected" : false
      },
      "position" : {
        "x" : 232.70137793332975,
        "y" : -82.44996976789008
      },
      "selected" : false
    }, {
      "data" : {
        "id" : "1891",
        "shared_name" : "\"Dichomeris\"",
        "name" : "\"Dichomeris\"",
        "SUID" : 1891,
        "selected" : false
      },
      "position" : {
        "x" : 170.3685990026657,
        "y" : -123.59735727246772
      },
      "selected" : false
    }, {
      "data" : {
        "id" : "1889",
        "shared_name" : "\"Pieris rapae\"",
        "name" : "\"Pieris rapae\"",
        "SUID" : 1889,
        "selected" : false
      },
      "position" : {
        "x" : -255.77040856569369,
        "y" : -56.49769639905463
      },
      "selected" : false
    }, {
      "data" : {
        "id" : "1887",
        "shared_name" : "\"Kunugia yamadai\"",
        "name" : "\"Kunugia yamadai\"",
        "SUID" : 1887,
        "selected" : false
      },
      "position" : {
        "x" : 194.28818518430631,
        "y" : -170.7554078095771
      },
      "selected" : false
    }, {
      "data" : {
        "id" : "1885",
        "shared_name" : "\"Protoboarmia\"",
        "name" : "\"Protoboarmia\"",
        "SUID" : 1885,
        "selected" : false
      },
      "position" : {
        "x" : -151.45816796510775,
        "y" : -154.6899094575263
      },
      "selected" : false
    }, {
      "data" : {
        "id" : "1883",
        "shared_name" : "\"Tinea translucens\"",
        "name" : "\"Tinea translucens\"",
        "SUID" : 1883,
        "selected" : false
      },
      "position" : {
        "x" : -229.80939477174837,
        "y" : -95.92035341199409
      },
      "selected" : false
    }, {
      "data" : {
        "id" : "1881",
        "shared_name" : "\"Cryptoblabes loxiella\"",
        "name" : "\"Cryptoblabes loxiella\"",
        "SUID" : 1881,
        "selected" : false
      },
      "position" : {
        "x" : -25.432181770497152,
        "y" : 119.6578459746026
      },
      "selected" : false
    }, {
      "data" : {
        "id" : "1879",
        "shared_name" : "\"Lymantria\"",
        "name" : "\"Lymantria\"",
        "SUID" : 1879,
        "selected" : false
      },
      "position" : {
        "x" : -218.96240990846712,
        "y" : 26.68364095751275
      },
      "selected" : false
    }, {
      "data" : {
        "id" : "1877",
        "shared_name" : "\"Leucoma candida\"",
        "name" : "\"Leucoma candida\"",
        "SUID" : 1877,
        "selected" : false
      },
      "position" : {
        "x" : 157.4808579137985,
        "y" : 145.9919524199151
      },
      "selected" : false
    }, {
      "data" : {
        "id" : "1875",
        "shared_name" : "\"Aglais urticae\"",
        "name" : "\"Aglais urticae\"",
        "SUID" : 1875,
        "selected" : false
      },
      "position" : {
        "x" : 171.87769324094694,
        "y" : 101.61827993456353
      },
      "selected" : false
    }, {
      "data" : {
        "id" : "1873",
        "shared_name" : "\"Antheraea yamamai\"",
        "name" : "\"Antheraea yamamai\"",
        "SUID" : 1873,
        "selected" : false
      },
      "position" : {
        "x" : -128.07294457643587,
        "y" : -215.82355356153022
      },
      "selected" : false
    }, {
      "data" : {
        "id" : "1871",
        "shared_name" : "\"Ampelophaga rubiginosa\"",
        "name" : "\"Ampelophaga rubiginosa\"",
        "SUID" : 1871,
        "selected" : false
      },
      "position" : {
        "x" : -139.64672082155306,
        "y" : -90.88571405347358
      },
      "selected" : false
    }, {
      "data" : {
        "id" : "1869",
        "shared_name" : "\"Anadevidia peponis\"",
        "name" : "\"Anadevidia peponis\"",
        "SUID" : 1869,
        "selected" : false
      },
      "position" : {
        "x" : 113.34653479368131,
        "y" : -112.68444681104194
      },
      "selected" : false
    }, {
      "data" : {
        "id" : "1867",
        "shared_name" : "\"Carposina\"",
        "name" : "\"Carposina\"",
        "SUID" : 1867,
        "selected" : false
      },
      "position" : {
        "x" : -38.07697098939974,
        "y" : -123.96468210156928
      },
      "selected" : false
    }, {
      "data" : {
        "id" : "1865",
        "shared_name" : "\"Diprion\"",
        "name" : "\"Diprion\"",
        "SUID" : 1865,
        "selected" : false
      },
      "position" : {
        "x" : -4.820465976887533,
        "y" : 167.2086272246026
      },
      "selected" : false
    }, {
      "data" : {
        "id" : "1863",
        "shared_name" : "\"Batocera lineolata\"",
        "name" : "\"Batocera lineolata\"",
        "SUID" : 1863,
        "selected" : false
      },
      "position" : {
        "x" : -164.87659447877962,
        "y" : 107.15029287401666
      },
      "selected" : false
    }, {
      "data" : {
        "id" : "1861",
        "shared_name" : "\"Erannis defoliaria\"",
        "name" : "\"Erannis defoliaria\"",
        "SUID" : 1861,
        "selected" : false
      },
      "position" : {
        "x" : -125.30276482790072,
        "y" : 92.84441518846978
      },
      "selected" : false
    }, {
      "data" : {
        "id" : "1859",
        "shared_name" : "\"Ivela auripes\"",
        "name" : "\"Ivela auripes\"",
        "SUID" : 1859,
        "selected" : false
      },
      "position" : {
        "x" : 155.62041479856413,
        "y" : -212.30171823438178
      },
      "selected" : false
    }, {
      "data" : {
        "id" : "1857",
        "shared_name" : "\"Eumeta japonica\"",
        "name" : "\"Eumeta japonica\"",
        "SUID" : 1857,
        "selected" : false
      },
      "position" : {
        "x" : -28.160899097615072,
        "y" : 215.2264494902276
      },
      "selected" : false
    }, {
      "data" : {
        "id" : "1855",
        "shared_name" : "\"Luehdorfia japonica\"",
        "name" : "\"Luehdorfia japonica\"",
        "SUID" : 1855,
        "selected" : false
      },
      "position" : {
        "x" : -74.77403252809603,
        "y" : 101.29694509569634
      },
      "selected" : false
    }, {
      "data" : {
        "id" : "1853",
        "shared_name" : "\"Bambalina\"",
        "name" : "\"Bambalina\"",
        "SUID" : 1853,
        "selected" : false
      },
      "position" : {
        "x" : 120.24919897825163,
        "y" : 32.04712057177056
      },
      "selected" : false
    }, {
      "data" : {
        "id" : "1851",
        "shared_name" : "\"Biston\"",
        "name" : "\"Biston\"",
        "SUID" : 1851,
        "selected" : false
      },
      "position" : {
        "x" : 263.26155859739225,
        "y" : 63.35796499315728
      },
      "selected" : false
    }, {
      "data" : {
        "id" : "1849",
        "shared_name" : "\"Caligula japonica\"",
        "name" : "\"Caligula japonica\"",
        "SUID" : 1849,
        "selected" : false
      },
      "position" : {
        "x" : 121.60192114622038,
        "y" : 178.96335744921197
      },
      "selected" : false
    }, {
      "data" : {
        "id" : "1847",
        "shared_name" : "\"Parasa sinica\"",
        "name" : "\"Parasa sinica\"",
        "SUID" : 1847,
        "selected" : false
      },
      "position" : {
        "x" : -76.86169045656283,
        "y" : -257.5796723359443
      },
      "selected" : false
    }, {
      "data" : {
        "id" : "1845",
        "shared_name" : "\"Parasa consocia\"",
        "name" : "\"Parasa consocia\"",
        "SUID" : 1845,
        "selected" : false
      },
      "position" : {
        "x" : 202.03293616086881,
        "y" : 175.57071828905572
      },
      "selected" : false
    }, {
      "data" : {
        "id" : "1843",
        "shared_name" : "\"Orgyia\"",
        "name" : "\"Orgyia\"",
        "SUID" : 1843,
        "selected" : false
      },
      "position" : {
        "x" : 80.91757971555631,
        "y" : 84.74152517382134
      },
      "selected" : false
    }, {
      "data" : {
        "id" : "1841",
        "shared_name" : "\"Orgyia thyellina\"",
        "name" : "\"Orgyia thyellina\"",
        "SUID" : 1841,
        "selected" : false
      },
      "position" : {
        "x" : 79.05915838987272,
        "y" : -21.718351840338812
      },
      "selected" : false
    }, {
      "data" : {
        "id" : "1839",
        "shared_name" : "\"Pelopidas mathias\"",
        "name" : "\"Pelopidas mathias\"",
        "SUID" : 1839,
        "selected" : false
      },
      "position" : {
        "x" : -111.18526452272494,
        "y" : 49.925157070794
      },
      "selected" : false
    }, {
      "data" : {
        "id" : "1837",
        "shared_name" : "\"Theretra oldenlandiae\"",
        "name" : "\"Theretra oldenlandiae\"",
        "SUID" : 1837,
        "selected" : false
      },
      "position" : {
        "x" : 165.07421118528288,
        "y" : 50.720101833977594
      },
      "selected" : false
    }, {
      "data" : {
        "id" : "1835",
        "shared_name" : "\"Clanis bilineata\"",
        "name" : "\"Clanis bilineata\"",
        "SUID" : 1835,
        "selected" : false
      },
      "position" : {
        "x" : -72.77440636842806,
        "y" : -209.71816110547553
      },
      "selected" : false
    }, {
      "data" : {
        "id" : "1833",
        "shared_name" : "\"Malacosoma disstria\"",
        "name" : "\"Malacosoma disstria\"",
        "SUID" : 1833,
        "selected" : false
      },
      "position" : {
        "x" : 55.85163122922819,
        "y" : -157.77886056836616
      },
      "selected" : false
    }, {
      "data" : {
        "id" : "1831",
        "shared_name" : "\"Oraesia emarginata\"",
        "name" : "\"Oraesia emarginata\"",
        "SUID" : 1831,
        "selected" : false
      },
      "position" : {
        "x" : -78.75071709840853,
        "y" : -162.67878580029975
      },
      "selected" : false
    }, {
      "data" : {
        "id" : "1829",
        "shared_name" : "\"Papilio xuthus\"",
        "name" : "\"Papilio xuthus\"",
        "SUID" : 1829,
        "selected" : false
      },
      "position" : {
        "x" : 229.5360336950485,
        "y" : -129.5333275788642
      },
      "selected" : false
    }, {
      "data" : {
        "id" : "1827",
        "shared_name" : "\"Phalera assimilis\"",
        "name" : "\"Phalera assimilis\"",
        "SUID" : 1827,
        "selected" : false
      },
      "position" : {
        "x" : -31.78675645082552,
        "y" : -172.3434739106513
      },
      "selected" : false
    }, {
      "data" : {
        "id" : "1825",
        "shared_name" : "\"Phalera flavescens\"",
        "name" : "\"Phalera flavescens\"",
        "SUID" : 1825,
        "selected" : false
      },
      "position" : {
        "x" : 30.75571066648405,
        "y" : 82.11281728807916
      },
      "selected" : false
    }, {
      "data" : {
        "id" : "1823",
        "shared_name" : "\"Theretra japonica\"",
        "name" : "\"Theretra japonica\"",
        "SUID" : 1823,
        "selected" : false
      },
      "position" : {
        "x" : 139.72254187375944,
        "y" : -157.76428079541694
      },
      "selected" : false
    }, {
      "data" : {
        "id" : "1821",
        "shared_name" : "\"Calliteara argentata\"",
        "name" : "\"Calliteara argentata\"",
        "SUID" : 1821,
        "selected" : false
      },
      "position" : {
        "x" : 38.18511206418913,
        "y" : 130.96477651659478
      },
      "selected" : false
    }, {
      "data" : {
        "id" : "1819",
        "shared_name" : "\"Kunugia undans\"",
        "name" : "\"Kunugia undans\"",
        "SUID" : 1819,
        "selected" : false
      },
      "position" : {
        "x" : 46.376487796611,
        "y" : 174.38097524706353
      },
      "selected" : false
    }, {
      "data" : {
        "id" : "1817",
        "shared_name" : "\"Phthonosema tendinosaria\"",
        "name" : "\"Phthonosema tendinosaria\"",
        "SUID" : 1817,
        "selected" : false
      },
      "position" : {
        "x" : -179.79474633424837,
        "y" : -99.40843439038764
      },
      "selected" : false
    }, {
      "data" : {
        "id" : "1815",
        "shared_name" : "\"Spilarctia seriatopunctata\"",
        "name" : "\"Spilarctia seriatopunctata\"",
        "SUID" : 1815,
        "selected" : false
      },
      "position" : {
        "x" : -163.05495446413119,
        "y" : 50.28684377733697
      },
      "selected" : false
    }, {
      "data" : {
        "id" : "1813",
        "shared_name" : "\"Sacada approximans\"",
        "name" : "\"Sacada approximans\"",
        "SUID" : 1813,
        "selected" : false
      },
      "position" : {
        "x" : 90.86245734006803,
        "y" : 142.57262563768853
      },
      "selected" : false
    }, {
      "data" : {
        "id" : "1811",
        "shared_name" : "\"Lemyra\"",
        "name" : "\"Lemyra\"",
        "SUID" : 1811,
        "selected" : false
      },
      "position" : {
        "x" : -141.96583550661165,
        "y" : 156.1812376982354
      },
      "selected" : false
    }, {
      "data" : {
        "id" : "1809",
        "shared_name" : "\"Trichosea champa\"",
        "name" : "\"Trichosea champa\"",
        "SUID" : 1809,
        "selected" : false
      },
      "position" : {
        "x" : 157.73584753782194,
        "y" : -76.52095490630637
      },
      "selected" : false
    }, {
      "data" : {
        "id" : "1807",
        "shared_name" : "\"Xestia\"",
        "name" : "\"Xestia\"",
        "SUID" : 1807,
        "selected" : false
      },
      "position" : {
        "x" : -108.96267693727572,
        "y" : -134.54106759961616
      },
      "selected" : false
    }, {
      "data" : {
        "id" : "1805",
        "shared_name" : "\"Semidonta biloba\"",
        "name" : "\"Semidonta biloba\"",
        "SUID" : 1805,
        "selected" : false
      },
      "position" : {
        "x" : 12.53249174863737,
        "y" : 266.00962209764947
      },
      "selected" : false
    }, {
      "data" : {
        "id" : "1803",
        "shared_name" : "\"Xylena fumosa\"",
        "name" : "\"Xylena fumosa\"",
        "SUID" : 1803,
        "selected" : false
      },
      "position" : {
        "x" : -14.231797868901083,
        "y" : -266.3878083222724
      },
      "selected" : false
    }, {
      "data" : {
        "id" : "1802",
        "shared_name" : "\"NPV\"",
        "name" : "\"NPV\"",
        "SUID" : 1802,
        "selected" : false
      },
      "position" : {
        "x" : 0.02016646177213488,
        "y" : 0.8425078398369692
      },
      "selected" : false
    } ],
    "edges" : [ {
      "data" : {
        "id" : "1990",
        "source" : "1802",
        "target" : "1989",
        "shared_name" : "\"NPV\" (\"pathogenOf\") \"Hyposidra talaca\"",
        "Area" : "\"Tropical South Asia\"",
        "shared_interaction" : "\"pathogenOf\"",
        "latitude" : -5.0,
        "name" : "\"NPV\" (\"pathogenOf\") \"Hyposidra talaca\"",
        "interaction" : "\"pathogenOf\"",
        "SUID" : 1990,
        "selected" : false,
        "longitude" : 120.0
      },
      "selected" : false
    }, {
      "data" : {
        "id" : "1988",
        "source" : "1802",
        "target" : "1945",
        "shared_name" : "\"NPV\" (\"pathogenOf\") \"Spodoptera exigua\"",
        "Area" : "\"Tropical South Asia\"",
        "shared_interaction" : "\"pathogenOf\"",
        "latitude" : 15.5,
        "name" : "\"NPV\" (\"pathogenOf\") \"Spodoptera exigua\"",
        "interaction" : "\"pathogenOf\"",
        "SUID" : 1988,
        "selected" : false,
        "longitude" : 101.0
      },
      "selected" : false
    }, {
      "data" : {
        "id" : "1987",
        "source" : "1802",
        "target" : "1843",
        "shared_name" : "\"NPV\" (\"pathogenOf\") \"Orgyia\"",
        "Area" : "\"Tropical South Asia\"",
        "shared_interaction" : "\"pathogenOf\"",
        "latitude" : 15.5,
        "name" : "\"NPV\" (\"pathogenOf\") \"Orgyia\"",
        "interaction" : "\"pathogenOf\"",
        "SUID" : 1987,
        "selected" : false,
        "longitude" : 101.0
      },
      "selected" : false
    }, {
      "data" : {
        "id" : "1986",
        "source" : "1802",
        "target" : "1985",
        "shared_name" : "\"NPV\" (\"pathogenOf\") \"Parasa viridissima\"",
        "Area" : "\"Tropical Africa\"",
        "shared_interaction" : "\"pathogenOf\"",
        "latitude" : 8.0,
        "name" : "\"NPV\" (\"pathogenOf\") \"Parasa viridissima\"",
        "interaction" : "\"pathogenOf\"",
        "SUID" : 1986,
        "selected" : false,
        "longitude" : -5.5
      },
      "selected" : false
    }, {
      "data" : {
        "id" : "1984",
        "source" : "1802",
        "target" : "1983",
        "shared_name" : "\"NPV\" (\"pathogenOf\") \"Pogonia\"",
        "Area" : "\"Tropical South-America\"",
        "shared_interaction" : "\"pathogenOf\"",
        "latitude" : -10.0,
        "name" : "\"NPV\" (\"pathogenOf\") \"Pogonia\"",
        "interaction" : "\"pathogenOf\"",
        "SUID" : 1984,
        "selected" : false,
        "longitude" : -55.0
      },
      "selected" : false
    }, {
      "data" : {
        "id" : "1982",
        "source" : "1802",
        "target" : "1981",
        "shared_name" : "\"NPV\" (\"pathogenOf\") \"Amsacta lactinea\"",
        "Area" : "\"Temperate Asia\"",
        "shared_interaction" : "\"pathogenOf\"",
        "latitude" : 35.68536,
        "name" : "\"NPV\" (\"pathogenOf\") \"Amsacta lactinea\"",
        "interaction" : "\"pathogenOf\"",
        "SUID" : 1982,
        "selected" : false,
        "longitude" : 139.75309
      },
      "selected" : false
    }, {
      "data" : {
        "id" : "1980",
        "source" : "1802",
        "target" : "1979",
        "shared_name" : "\"NPV\" (\"pathogenOf\") \"Yponomeuta\"",
        "Area" : "\"Temperate Asia\"",
        "shared_interaction" : "\"pathogenOf\"",
        "latitude" : 35.68536,
        "name" : "\"NPV\" (\"pathogenOf\") \"Yponomeuta\"",
        "interaction" : "\"pathogenOf\"",
        "SUID" : 1980,
        "selected" : false,
        "longitude" : 139.75309
      },
      "selected" : false
    }, {
      "data" : {
        "id" : "1978",
        "source" : "1802",
        "target" : "1977",
        "shared_name" : "\"NPV\" (\"pathogenOf\") \"Xestia c-nigrum\"",
        "Area" : "\"Temperate Asia\"",
        "shared_interaction" : "\"pathogenOf\"",
        "latitude" : 35.68536,
        "name" : "\"NPV\" (\"pathogenOf\") \"Xestia c-nigrum\"",
        "interaction" : "\"pathogenOf\"",
        "SUID" : 1978,
        "selected" : false,
        "longitude" : 139.75309
      },
      "selected" : false
    }, {
      "data" : {
        "id" : "1976",
        "source" : "1802",
        "target" : "1975",
        "shared_name" : "\"NPV\" (\"pathogenOf\") \"Ctenoplusia\"",
        "Area" : "\"Temperate Asia\"",
        "shared_interaction" : "\"pathogenOf\"",
        "latitude" : 35.68536,
        "name" : "\"NPV\" (\"pathogenOf\") \"Ctenoplusia\"",
        "interaction" : "\"pathogenOf\"",
        "SUID" : 1976,
        "selected" : false,
        "longitude" : 139.75309
      },
      "selected" : false
    }, {
      "data" : {
        "id" : "1974",
        "source" : "1802",
        "target" : "1973",
        "shared_name" : "\"NPV\" (\"pathogenOf\") \"Clostera inclusa\"",
        "Area" : "\"Temperate Asia\"",
        "shared_interaction" : "\"pathogenOf\"",
        "latitude" : 35.68536,
        "name" : "\"NPV\" (\"pathogenOf\") \"Clostera inclusa\"",
        "interaction" : "\"pathogenOf\"",
        "SUID" : 1974,
        "selected" : false,
        "longitude" : 139.75309
      },
      "selected" : false
    }, {
      "data" : {
        "id" : "1972",
        "source" : "1802",
        "target" : "1971",
        "shared_name" : "\"NPV\" (\"pathogenOf\") \"Actias artemis\"",
        "Area" : "\"Temperate Asia\"",
        "shared_interaction" : "\"pathogenOf\"",
        "latitude" : 35.68536,
        "name" : "\"NPV\" (\"pathogenOf\") \"Actias artemis\"",
        "interaction" : "\"pathogenOf\"",
        "SUID" : 1972,
        "selected" : false,
        "longitude" : 139.75309
      },
      "selected" : false
    }, {
      "data" : {
        "id" : "1970",
        "source" : "1802",
        "target" : "1969",
        "shared_name" : "\"NPV\" (\"pathogenOf\") \"Aedia leucomelas\"",
        "Area" : "\"Temperate Asia\"",
        "shared_interaction" : "\"pathogenOf\"",
        "latitude" : 35.68536,
        "name" : "\"NPV\" (\"pathogenOf\") \"Aedia leucomelas\"",
        "interaction" : "\"pathogenOf\"",
        "SUID" : 1970,
        "selected" : false,
        "longitude" : 139.75309
      },
      "selected" : false
    }, {
      "data" : {
        "id" : "1968",
        "source" : "1802",
        "target" : "1967",
        "shared_name" : "\"NPV\" (\"pathogenOf\") \"Eumeta minuscula\"",
        "Area" : "\"Temperate Asia\"",
        "shared_interaction" : "\"pathogenOf\"",
        "latitude" : 35.68536,
        "name" : "\"NPV\" (\"pathogenOf\") \"Eumeta minuscula\"",
        "interaction" : "\"pathogenOf\"",
        "SUID" : 1968,
        "selected" : false,
        "longitude" : 139.75309
      },
      "selected" : false
    }, {
      "data" : {
        "id" : "1966",
        "source" : "1802",
        "target" : "1965",
        "shared_name" : "\"NPV\" (\"pathogenOf\") \"Hyles gallii\"",
        "Area" : "\"Temperate Asia\"",
        "shared_interaction" : "\"pathogenOf\"",
        "latitude" : 35.68536,
        "name" : "\"NPV\" (\"pathogenOf\") \"Hyles gallii\"",
        "interaction" : "\"pathogenOf\"",
        "SUID" : 1966,
        "selected" : false,
        "longitude" : 139.75309
      },
      "selected" : false
    }, {
      "data" : {
        "id" : "1964",
        "source" : "1802",
        "target" : "1963",
        "shared_name" : "\"NPV\" (\"pathogenOf\") \"Hyphantria cunea\"",
        "Area" : "\"Temperate Asia\"",
        "shared_interaction" : "\"pathogenOf\"",
        "latitude" : 35.68536,
        "name" : "\"NPV\" (\"pathogenOf\") \"Hyphantria cunea\"",
        "interaction" : "\"pathogenOf\"",
        "SUID" : 1964,
        "selected" : false,
        "longitude" : 139.75309
      },
      "selected" : false
    }, {
      "data" : {
        "id" : "1962",
        "source" : "1802",
        "target" : "1961",
        "shared_name" : "\"NPV\" (\"pathogenOf\") \"Spodoptera litura\"",
        "Area" : "\"Temperate Asia\"",
        "shared_interaction" : "\"pathogenOf\"",
        "latitude" : 35.68536,
        "name" : "\"NPV\" (\"pathogenOf\") \"Spodoptera litura\"",
        "interaction" : "\"pathogenOf\"",
        "SUID" : 1962,
        "selected" : false,
        "longitude" : 139.75309
      },
      "selected" : false
    }, {
      "data" : {
        "id" : "1960",
        "source" : "1802",
        "target" : "1959",
        "shared_name" : "\"NPV\" (\"pathogenOf\") \"Mythimna\"",
        "Area" : "\"Temperate Asia\"",
        "shared_interaction" : "\"pathogenOf\"",
        "latitude" : 35.68536,
        "name" : "\"NPV\" (\"pathogenOf\") \"Mythimna\"",
        "interaction" : "\"pathogenOf\"",
        "SUID" : 1960,
        "selected" : false,
        "longitude" : 139.75309
      },
      "selected" : false
    }, {
      "data" : {
        "id" : "1958",
        "source" : "1802",
        "target" : "1957",
        "shared_name" : "\"NPV\" (\"pathogenOf\") \"Helicoverpa armigera\"",
        "Area" : "\"Temperate Asia\"",
        "shared_interaction" : "\"pathogenOf\"",
        "latitude" : 35.68536,
        "name" : "\"NPV\" (\"pathogenOf\") \"Helicoverpa armigera\"",
        "interaction" : "\"pathogenOf\"",
        "SUID" : 1958,
        "selected" : false,
        "longitude" : 139.75309
      },
      "selected" : false
    }, {
      "data" : {
        "id" : "1956",
        "source" : "1802",
        "target" : "1955",
        "shared_name" : "\"NPV\" (\"pathogenOf\") \"Euproctis pseudoconspersa\"",
        "Area" : "\"Temperate Asia\"",
        "shared_interaction" : "\"pathogenOf\"",
        "latitude" : 35.68536,
        "name" : "\"NPV\" (\"pathogenOf\") \"Euproctis pseudoconspersa\"",
        "interaction" : "\"pathogenOf\"",
        "SUID" : 1956,
        "selected" : false,
        "longitude" : 139.75309
      },
      "selected" : false
    }, {
      "data" : {
        "id" : "1954",
        "source" : "1802",
        "target" : "1953",
        "shared_name" : "\"NPV\" (\"pathogenOf\") \"Euproctis similis\"",
        "Area" : "\"Temperate Asia\"",
        "shared_interaction" : "\"pathogenOf\"",
        "latitude" : 35.68536,
        "name" : "\"NPV\" (\"pathogenOf\") \"Euproctis similis\"",
        "interaction" : "\"pathogenOf\"",
        "SUID" : 1954,
        "selected" : false,
        "longitude" : 139.75309
      },
      "selected" : false
    }, {
      "data" : {
        "id" : "1952",
        "source" : "1802",
        "target" : "1951",
        "shared_name" : "\"NPV\" (\"pathogenOf\") \"Dendrolimus\"",
        "Area" : "\"Temperate Asia\"",
        "shared_interaction" : "\"pathogenOf\"",
        "latitude" : 35.68536,
        "name" : "\"NPV\" (\"pathogenOf\") \"Dendrolimus\"",
        "interaction" : "\"pathogenOf\"",
        "SUID" : 1952,
        "selected" : false,
        "longitude" : 139.75309
      },
      "selected" : false
    }, {
      "data" : {
        "id" : "1950",
        "source" : "1802",
        "target" : "1949",
        "shared_name" : "\"NPV\" (\"pathogenOf\") \"Autographa gamma\"",
        "Area" : "\"Temperate Asia\"",
        "shared_interaction" : "\"pathogenOf\"",
        "latitude" : 35.68536,
        "name" : "\"NPV\" (\"pathogenOf\") \"Autographa gamma\"",
        "interaction" : "\"pathogenOf\"",
        "SUID" : 1950,
        "selected" : false,
        "longitude" : 139.75309
      },
      "selected" : false
    }, {
      "data" : {
        "id" : "1948",
        "source" : "1802",
        "target" : "1947",
        "shared_name" : "\"NPV\" (\"pathogenOf\") \"Autographa\"",
        "Area" : "\"Temperate Asia\"",
        "shared_interaction" : "\"pathogenOf\"",
        "latitude" : 35.68536,
        "name" : "\"NPV\" (\"pathogenOf\") \"Autographa\"",
        "interaction" : "\"pathogenOf\"",
        "SUID" : 1948,
        "selected" : false,
        "longitude" : 139.75309
      },
      "selected" : false
    }, {
      "data" : {
        "id" : "1946",
        "source" : "1802",
        "target" : "1945",
        "shared_name" : "\"NPV\" (\"pathogenOf\") \"Spodoptera exigua\"",
        "Area" : "\"Temperate Asia\"",
        "shared_interaction" : "\"pathogenOf\"",
        "latitude" : 35.68536,
        "name" : "\"NPV\" (\"pathogenOf\") \"Spodoptera exigua\"",
        "interaction" : "\"pathogenOf\"",
        "SUID" : 1946,
        "selected" : false,
        "longitude" : 139.75309
      },
      "selected" : false
    }, {
      "data" : {
        "id" : "1944",
        "source" : "1802",
        "target" : "1943",
        "shared_name" : "\"NPV\" (\"pathogenOf\") \"Pectinophora gossypiella\"",
        "Area" : "\"Temperate Asia\"",
        "shared_interaction" : "\"pathogenOf\"",
        "latitude" : 35.68536,
        "name" : "\"NPV\" (\"pathogenOf\") \"Pectinophora gossypiella\"",
        "interaction" : "\"pathogenOf\"",
        "SUID" : 1944,
        "selected" : false,
        "longitude" : 139.75309
      },
      "selected" : false
    }, {
      "data" : {
        "id" : "1942",
        "source" : "1802",
        "target" : "1941",
        "shared_name" : "\"NPV\" (\"pathogenOf\") \"Plutella xylostella\"",
        "Area" : "\"Temperate Asia\"",
        "shared_interaction" : "\"pathogenOf\"",
        "latitude" : 35.68536,
        "name" : "\"NPV\" (\"pathogenOf\") \"Plutella xylostella\"",
        "interaction" : "\"pathogenOf\"",
        "SUID" : 1942,
        "selected" : false,
        "longitude" : 139.75309
      },
      "selected" : false
    }, {
      "data" : {
        "id" : "1940",
        "source" : "1802",
        "target" : "1939",
        "shared_name" : "\"NPV\" (\"pathogenOf\") \"Rhyacionia duplana\"",
        "Area" : "\"Temperate Asia\"",
        "shared_interaction" : "\"pathogenOf\"",
        "latitude" : 35.68536,
        "name" : "\"NPV\" (\"pathogenOf\") \"Rhyacionia duplana\"",
        "interaction" : "\"pathogenOf\"",
        "SUID" : 1940,
        "selected" : false,
        "longitude" : 139.75309
      },
      "selected" : false
    }, {
      "data" : {
        "id" : "1938",
        "source" : "1802",
        "target" : "1937",
        "shared_name" : "\"NPV\" (\"pathogenOf\") \"Mamestra brassicae\"",
        "Area" : "\"Temperate Asia\"",
        "shared_interaction" : "\"pathogenOf\"",
        "latitude" : 35.68536,
        "name" : "\"NPV\" (\"pathogenOf\") \"Mamestra brassicae\"",
        "interaction" : "\"pathogenOf\"",
        "SUID" : 1938,
        "selected" : false,
        "longitude" : 139.75309
      },
      "selected" : false
    }, {
      "data" : {
        "id" : "1936",
        "source" : "1802",
        "target" : "1935",
        "shared_name" : "\"NPV\" (\"pathogenOf\") \"Operophtera brumata\"",
        "Area" : "\"Temperate Asia\"",
        "shared_interaction" : "\"pathogenOf\"",
        "latitude" : 35.68536,
        "name" : "\"NPV\" (\"pathogenOf\") \"Operophtera brumata\"",
        "interaction" : "\"pathogenOf\"",
        "SUID" : 1936,
        "selected" : false,
        "longitude" : 139.75309
      },
      "selected" : false
    }, {
      "data" : {
        "id" : "1934",
        "source" : "1802",
        "target" : "1933",
        "shared_name" : "\"NPV\" (\"pathogenOf\") \"Euproctis subflava\"",
        "Area" : "\"Temperate Asia\"",
        "shared_interaction" : "\"pathogenOf\"",
        "latitude" : 35.68536,
        "name" : "\"NPV\" (\"pathogenOf\") \"Euproctis subflava\"",
        "interaction" : "\"pathogenOf\"",
        "SUID" : 1934,
        "selected" : false,
        "longitude" : 139.75309
      },
      "selected" : false
    }, {
      "data" : {
        "id" : "1932",
        "source" : "1802",
        "target" : "1931",
        "shared_name" : "\"NPV\" (\"pathogenOf\") \"Bombyx mandarina\"",
        "Area" : "\"Temperate Asia\"",
        "shared_interaction" : "\"pathogenOf\"",
        "latitude" : 35.68536,
        "name" : "\"NPV\" (\"pathogenOf\") \"Bombyx mandarina\"",
        "interaction" : "\"pathogenOf\"",
        "SUID" : 1932,
        "selected" : false,
        "longitude" : 139.75309
      },
      "selected" : false
    }, {
      "data" : {
        "id" : "1930",
        "source" : "1802",
        "target" : "1929",
        "shared_name" : "\"NPV\" (\"pathogenOf\") \"Anomis flava\"",
        "Area" : "\"Temperate Asia\"",
        "shared_interaction" : "\"pathogenOf\"",
        "latitude" : 35.68536,
        "name" : "\"NPV\" (\"pathogenOf\") \"Anomis flava\"",
        "interaction" : "\"pathogenOf\"",
        "SUID" : 1930,
        "selected" : false,
        "longitude" : 139.75309
      },
      "selected" : false
    }, {
      "data" : {
        "id" : "1928",
        "source" : "1802",
        "target" : "1927",
        "shared_name" : "\"NPV\" (\"pathogenOf\") \"Antheraea pernyi\"",
        "Area" : "\"Temperate Asia\"",
        "shared_interaction" : "\"pathogenOf\"",
        "latitude" : 35.68536,
        "name" : "\"NPV\" (\"pathogenOf\") \"Antheraea pernyi\"",
        "interaction" : "\"pathogenOf\"",
        "SUID" : 1928,
        "selected" : false,
        "longitude" : 139.75309
      },
      "selected" : false
    }, {
      "data" : {
        "id" : "1926",
        "source" : "1802",
        "target" : "1925",
        "shared_name" : "\"NPV\" (\"pathogenOf\") \"Scopelodes contracta\"",
        "Area" : "\"Temperate Asia\"",
        "shared_interaction" : "\"pathogenOf\"",
        "latitude" : 35.68536,
        "name" : "\"NPV\" (\"pathogenOf\") \"Scopelodes contracta\"",
        "interaction" : "\"pathogenOf\"",
        "SUID" : 1926,
        "selected" : false,
        "longitude" : 139.75309
      },
      "selected" : false
    }, {
      "data" : {
        "id" : "1924",
        "source" : "1802",
        "target" : "1923",
        "shared_name" : "\"NPV\" (\"pathogenOf\") \"Agrotis ipsilon\"",
        "Area" : "\"Temperate Asia\"",
        "shared_interaction" : "\"pathogenOf\"",
        "latitude" : 35.68536,
        "name" : "\"NPV\" (\"pathogenOf\") \"Agrotis ipsilon\"",
        "interaction" : "\"pathogenOf\"",
        "SUID" : 1924,
        "selected" : false,
        "longitude" : 139.75309
      },
      "selected" : false
    }, {
      "data" : {
        "id" : "1922",
        "source" : "1802",
        "target" : "1921",
        "shared_name" : "\"NPV\" (\"pathogenOf\") \"Cnidocampa flavescens\"",
        "Area" : "\"Temperate Asia\"",
        "shared_interaction" : "\"pathogenOf\"",
        "latitude" : 35.68536,
        "name" : "\"NPV\" (\"pathogenOf\") \"Cnidocampa flavescens\"",
        "interaction" : "\"pathogenOf\"",
        "SUID" : 1922,
        "selected" : false,
        "longitude" : 139.75309
      },
      "selected" : false
    }, {
      "data" : {
        "id" : "1920",
        "source" : "1802",
        "target" : "1919",
        "shared_name" : "\"NPV\" (\"pathogenOf\") \"Ectropis obliqua\"",
        "Area" : "\"Temperate Asia\"",
        "shared_interaction" : "\"pathogenOf\"",
        "latitude" : 35.68536,
        "name" : "\"NPV\" (\"pathogenOf\") \"Ectropis obliqua\"",
        "interaction" : "\"pathogenOf\"",
        "SUID" : 1920,
        "selected" : false,
        "longitude" : 139.75309
      },
      "selected" : false
    }, {
      "data" : {
        "id" : "1918",
        "source" : "1802",
        "target" : "1917",
        "shared_name" : "\"NPV\" (\"pathogenOf\") \"Conogethes\"",
        "Area" : "\"Temperate Asia\"",
        "shared_interaction" : "\"pathogenOf\"",
        "latitude" : 35.68536,
        "name" : "\"NPV\" (\"pathogenOf\") \"Conogethes\"",
        "interaction" : "\"pathogenOf\"",
        "SUID" : 1918,
        "selected" : false,
        "longitude" : 139.75309
      },
      "selected" : false
    }, {
      "data" : {
        "id" : "1916",
        "source" : "1802",
        "target" : "1915",
        "shared_name" : "\"NPV\" (\"pathogenOf\") \"Agrotis\"",
        "Area" : "\"Temperate Asia\"",
        "shared_interaction" : "\"pathogenOf\"",
        "latitude" : 35.68536,
        "name" : "\"NPV\" (\"pathogenOf\") \"Agrotis\"",
        "interaction" : "\"pathogenOf\"",
        "SUID" : 1916,
        "selected" : false,
        "longitude" : 139.75309
      },
      "selected" : false
    }, {
      "data" : {
        "id" : "1914",
        "source" : "1802",
        "target" : "1913",
        "shared_name" : "\"NPV\" (\"pathogenOf\") \"Sesamia inferens\"",
        "Area" : "\"Temperate Asia\"",
        "shared_interaction" : "\"pathogenOf\"",
        "latitude" : 35.68536,
        "name" : "\"NPV\" (\"pathogenOf\") \"Sesamia inferens\"",
        "interaction" : "\"pathogenOf\"",
        "SUID" : 1914,
        "selected" : false,
        "longitude" : 139.75309
      },
      "selected" : false
    }, {
      "data" : {
        "id" : "1912",
        "source" : "1802",
        "target" : "1911",
        "shared_name" : "\"NPV\" (\"pathogenOf\") \"Chilo suppressalis\"",
        "Area" : "\"Temperate Asia\"",
        "shared_interaction" : "\"pathogenOf\"",
        "latitude" : 35.68536,
        "name" : "\"NPV\" (\"pathogenOf\") \"Chilo suppressalis\"",
        "interaction" : "\"pathogenOf\"",
        "SUID" : 1912,
        "selected" : false,
        "longitude" : 139.75309
      },
      "selected" : false
    }, {
      "data" : {
        "id" : "1910",
        "source" : "1802",
        "target" : "1909",
        "shared_name" : "\"NPV\" (\"pathogenOf\") \"Leucoma salicis\"",
        "Area" : "\"Temperate Asia\"",
        "shared_interaction" : "\"pathogenOf\"",
        "latitude" : 35.68536,
        "name" : "\"NPV\" (\"pathogenOf\") \"Leucoma salicis\"",
        "interaction" : "\"pathogenOf\"",
        "SUID" : 1910,
        "selected" : false,
        "longitude" : 139.75309
      },
      "selected" : false
    }, {
      "data" : {
        "id" : "1908",
        "source" : "1802",
        "target" : "1907",
        "shared_name" : "\"NPV\" (\"pathogenOf\") \"Spilosoma\"",
        "Area" : "\"Temperate Asia\"",
        "shared_interaction" : "\"pathogenOf\"",
        "latitude" : 35.68536,
        "name" : "\"NPV\" (\"pathogenOf\") \"Spilosoma\"",
        "interaction" : "\"pathogenOf\"",
        "SUID" : 1908,
        "selected" : false,
        "longitude" : 139.75309
      },
      "selected" : false
    }, {
      "data" : {
        "id" : "1906",
        "source" : "1802",
        "target" : "1905",
        "shared_name" : "\"NPV\" (\"pathogenOf\") \"Cynthia cardui\"",
        "Area" : "\"Temperate Asia\"",
        "shared_interaction" : "\"pathogenOf\"",
        "latitude" : 35.68536,
        "name" : "\"NPV\" (\"pathogenOf\") \"Cynthia cardui\"",
        "interaction" : "\"pathogenOf\"",
        "SUID" : 1906,
        "selected" : false,
        "longitude" : 139.75309
      },
      "selected" : false
    }, {
      "data" : {
        "id" : "1904",
        "source" : "1802",
        "target" : "1903",
        "shared_name" : "\"NPV\" (\"pathogenOf\") \"Parnara guttata\"",
        "Area" : "\"Temperate Asia\"",
        "shared_interaction" : "\"pathogenOf\"",
        "latitude" : 35.68536,
        "name" : "\"NPV\" (\"pathogenOf\") \"Parnara guttata\"",
        "interaction" : "\"pathogenOf\"",
        "SUID" : 1904,
        "selected" : false,
        "longitude" : 139.75309
      },
      "selected" : false
    }, {
      "data" : {
        "id" : "1902",
        "source" : "1802",
        "target" : "1901",
        "shared_name" : "\"NPV\" (\"pathogenOf\") \"Homona magnanima\"",
        "Area" : "\"Temperate Asia\"",
        "shared_interaction" : "\"pathogenOf\"",
        "latitude" : 35.68536,
        "name" : "\"NPV\" (\"pathogenOf\") \"Homona magnanima\"",
        "interaction" : "\"pathogenOf\"",
        "SUID" : 1902,
        "selected" : false,
        "longitude" : 139.75309
      },
      "selected" : false
    }, {
      "data" : {
        "id" : "1900",
        "source" : "1802",
        "target" : "1899",
        "shared_name" : "\"NPV\" (\"pathogenOf\") \"Cifuna locuples\"",
        "Area" : "\"Temperate Asia\"",
        "shared_interaction" : "\"pathogenOf\"",
        "latitude" : 35.68536,
        "name" : "\"NPV\" (\"pathogenOf\") \"Cifuna locuples\"",
        "interaction" : "\"pathogenOf\"",
        "SUID" : 1900,
        "selected" : false,
        "longitude" : 139.75309
      },
      "selected" : false
    }, {
      "data" : {
        "id" : "1898",
        "source" : "1802",
        "target" : "1897",
        "shared_name" : "\"NPV\" (\"pathogenOf\") \"Cephalcia\"",
        "Area" : "\"Temperate Asia\"",
        "shared_interaction" : "\"pathogenOf\"",
        "latitude" : 35.68536,
        "name" : "\"NPV\" (\"pathogenOf\") \"Cephalcia\"",
        "interaction" : "\"pathogenOf\"",
        "SUID" : 1898,
        "selected" : false,
        "longitude" : 139.75309
      },
      "selected" : false
    }, {
      "data" : {
        "id" : "1896",
        "source" : "1802",
        "target" : "1895",
        "shared_name" : "\"NPV\" (\"pathogenOf\") \"Dioryctria sylvestrella\"",
        "Area" : "\"Temperate Asia\"",
        "shared_interaction" : "\"pathogenOf\"",
        "latitude" : 35.68536,
        "name" : "\"NPV\" (\"pathogenOf\") \"Dioryctria sylvestrella\"",
        "interaction" : "\"pathogenOf\"",
        "SUID" : 1896,
        "selected" : false,
        "longitude" : 139.75309
      },
      "selected" : false
    }, {
      "data" : {
        "id" : "1894",
        "source" : "1802",
        "target" : "1893",
        "shared_name" : "\"NPV\" (\"pathogenOf\") \"Gastropacha orientalis\"",
        "Area" : "\"Temperate Asia\"",
        "shared_interaction" : "\"pathogenOf\"",
        "latitude" : 35.68536,
        "name" : "\"NPV\" (\"pathogenOf\") \"Gastropacha orientalis\"",
        "interaction" : "\"pathogenOf\"",
        "SUID" : 1894,
        "selected" : false,
        "longitude" : 139.75309
      },
      "selected" : false
    }, {
      "data" : {
        "id" : "1892",
        "source" : "1802",
        "target" : "1891",
        "shared_name" : "\"NPV\" (\"pathogenOf\") \"Dichomeris\"",
        "Area" : "\"Temperate Asia\"",
        "shared_interaction" : "\"pathogenOf\"",
        "latitude" : 35.68536,
        "name" : "\"NPV\" (\"pathogenOf\") \"Dichomeris\"",
        "interaction" : "\"pathogenOf\"",
        "SUID" : 1892,
        "selected" : false,
        "longitude" : 139.75309
      },
      "selected" : false
    }, {
      "data" : {
        "id" : "1890",
        "source" : "1802",
        "target" : "1889",
        "shared_name" : "\"NPV\" (\"pathogenOf\") \"Pieris rapae\"",
        "Area" : "\"Temperate Asia\"",
        "shared_interaction" : "\"pathogenOf\"",
        "latitude" : 35.68536,
        "name" : "\"NPV\" (\"pathogenOf\") \"Pieris rapae\"",
        "interaction" : "\"pathogenOf\"",
        "SUID" : 1890,
        "selected" : false,
        "longitude" : 139.75309
      },
      "selected" : false
    }, {
      "data" : {
        "id" : "1888",
        "source" : "1802",
        "target" : "1887",
        "shared_name" : "\"NPV\" (\"pathogenOf\") \"Kunugia yamadai\"",
        "Area" : "\"Temperate Asia\"",
        "shared_interaction" : "\"pathogenOf\"",
        "latitude" : 35.68536,
        "name" : "\"NPV\" (\"pathogenOf\") \"Kunugia yamadai\"",
        "interaction" : "\"pathogenOf\"",
        "SUID" : 1888,
        "selected" : false,
        "longitude" : 139.75309
      },
      "selected" : false
    }, {
      "data" : {
        "id" : "1886",
        "source" : "1802",
        "target" : "1885",
        "shared_name" : "\"NPV\" (\"pathogenOf\") \"Protoboarmia\"",
        "Area" : "\"Temperate Asia\"",
        "shared_interaction" : "\"pathogenOf\"",
        "latitude" : 35.68536,
        "name" : "\"NPV\" (\"pathogenOf\") \"Protoboarmia\"",
        "interaction" : "\"pathogenOf\"",
        "SUID" : 1886,
        "selected" : false,
        "longitude" : 139.75309
      },
      "selected" : false
    }, {
      "data" : {
        "id" : "1884",
        "source" : "1802",
        "target" : "1883",
        "shared_name" : "\"NPV\" (\"pathogenOf\") \"Tinea translucens\"",
        "Area" : "\"Temperate Asia\"",
        "shared_interaction" : "\"pathogenOf\"",
        "latitude" : 35.68536,
        "name" : "\"NPV\" (\"pathogenOf\") \"Tinea translucens\"",
        "interaction" : "\"pathogenOf\"",
        "SUID" : 1884,
        "selected" : false,
        "longitude" : 139.75309
      },
      "selected" : false
    }, {
      "data" : {
        "id" : "1882",
        "source" : "1802",
        "target" : "1881",
        "shared_name" : "\"NPV\" (\"pathogenOf\") \"Cryptoblabes loxiella\"",
        "Area" : "\"Temperate Asia\"",
        "shared_interaction" : "\"pathogenOf\"",
        "latitude" : 35.68536,
        "name" : "\"NPV\" (\"pathogenOf\") \"Cryptoblabes loxiella\"",
        "interaction" : "\"pathogenOf\"",
        "SUID" : 1882,
        "selected" : false,
        "longitude" : 139.75309
      },
      "selected" : false
    }, {
      "data" : {
        "id" : "1880",
        "source" : "1802",
        "target" : "1879",
        "shared_name" : "\"NPV\" (\"pathogenOf\") \"Lymantria\"",
        "Area" : "\"Temperate Asia\"",
        "shared_interaction" : "\"pathogenOf\"",
        "latitude" : 35.68536,
        "name" : "\"NPV\" (\"pathogenOf\") \"Lymantria\"",
        "interaction" : "\"pathogenOf\"",
        "SUID" : 1880,
        "selected" : false,
        "longitude" : 139.75309
      },
      "selected" : false
    }, {
      "data" : {
        "id" : "1878",
        "source" : "1802",
        "target" : "1877",
        "shared_name" : "\"NPV\" (\"pathogenOf\") \"Leucoma candida\"",
        "Area" : "\"Temperate Asia\"",
        "shared_interaction" : "\"pathogenOf\"",
        "latitude" : 35.68536,
        "name" : "\"NPV\" (\"pathogenOf\") \"Leucoma candida\"",
        "interaction" : "\"pathogenOf\"",
        "SUID" : 1878,
        "selected" : false,
        "longitude" : 139.75309
      },
      "selected" : false
    }, {
      "data" : {
        "id" : "1876",
        "source" : "1802",
        "target" : "1875",
        "shared_name" : "\"NPV\" (\"pathogenOf\") \"Aglais urticae\"",
        "Area" : "\"Temperate Asia\"",
        "shared_interaction" : "\"pathogenOf\"",
        "latitude" : 35.68536,
        "name" : "\"NPV\" (\"pathogenOf\") \"Aglais urticae\"",
        "interaction" : "\"pathogenOf\"",
        "SUID" : 1876,
        "selected" : false,
        "longitude" : 139.75309
      },
      "selected" : false
    }, {
      "data" : {
        "id" : "1874",
        "source" : "1802",
        "target" : "1873",
        "shared_name" : "\"NPV\" (\"pathogenOf\") \"Antheraea yamamai\"",
        "Area" : "\"Temperate Asia\"",
        "shared_interaction" : "\"pathogenOf\"",
        "latitude" : 35.68536,
        "name" : "\"NPV\" (\"pathogenOf\") \"Antheraea yamamai\"",
        "interaction" : "\"pathogenOf\"",
        "SUID" : 1874,
        "selected" : false,
        "longitude" : 139.75309
      },
      "selected" : false
    }, {
      "data" : {
        "id" : "1872",
        "source" : "1802",
        "target" : "1871",
        "shared_name" : "\"NPV\" (\"pathogenOf\") \"Ampelophaga rubiginosa\"",
        "Area" : "\"Temperate Asia\"",
        "shared_interaction" : "\"pathogenOf\"",
        "latitude" : 35.68536,
        "name" : "\"NPV\" (\"pathogenOf\") \"Ampelophaga rubiginosa\"",
        "interaction" : "\"pathogenOf\"",
        "SUID" : 1872,
        "selected" : false,
        "longitude" : 139.75309
      },
      "selected" : false
    }, {
      "data" : {
        "id" : "1870",
        "source" : "1802",
        "target" : "1869",
        "shared_name" : "\"NPV\" (\"pathogenOf\") \"Anadevidia peponis\"",
        "Area" : "\"Temperate Asia\"",
        "shared_interaction" : "\"pathogenOf\"",
        "latitude" : 35.68536,
        "name" : "\"NPV\" (\"pathogenOf\") \"Anadevidia peponis\"",
        "interaction" : "\"pathogenOf\"",
        "SUID" : 1870,
        "selected" : false,
        "longitude" : 139.75309
      },
      "selected" : false
    }, {
      "data" : {
        "id" : "1868",
        "source" : "1802",
        "target" : "1867",
        "shared_name" : "\"NPV\" (\"pathogenOf\") \"Carposina\"",
        "Area" : "\"Temperate Asia\"",
        "shared_interaction" : "\"pathogenOf\"",
        "latitude" : 35.68536,
        "name" : "\"NPV\" (\"pathogenOf\") \"Carposina\"",
        "interaction" : "\"pathogenOf\"",
        "SUID" : 1868,
        "selected" : false,
        "longitude" : 139.75309
      },
      "selected" : false
    }, {
      "data" : {
        "id" : "1866",
        "source" : "1802",
        "target" : "1865",
        "shared_name" : "\"NPV\" (\"pathogenOf\") \"Diprion\"",
        "Area" : "\"Temperate Asia\"",
        "shared_interaction" : "\"pathogenOf\"",
        "latitude" : 35.68536,
        "name" : "\"NPV\" (\"pathogenOf\") \"Diprion\"",
        "interaction" : "\"pathogenOf\"",
        "SUID" : 1866,
        "selected" : false,
        "longitude" : 139.75309
      },
      "selected" : false
    }, {
      "data" : {
        "id" : "1864",
        "source" : "1802",
        "target" : "1863",
        "shared_name" : "\"NPV\" (\"pathogenOf\") \"Batocera lineolata\"",
        "Area" : "\"Temperate Asia\"",
        "shared_interaction" : "\"pathogenOf\"",
        "latitude" : 35.68536,
        "name" : "\"NPV\" (\"pathogenOf\") \"Batocera lineolata\"",
        "interaction" : "\"pathogenOf\"",
        "SUID" : 1864,
        "selected" : false,
        "longitude" : 139.75309
      },
      "selected" : false
    }, {
      "data" : {
        "id" : "1862",
        "source" : "1802",
        "target" : "1861",
        "shared_name" : "\"NPV\" (\"pathogenOf\") \"Erannis defoliaria\"",
        "Area" : "\"Temperate Asia\"",
        "shared_interaction" : "\"pathogenOf\"",
        "latitude" : 35.68536,
        "name" : "\"NPV\" (\"pathogenOf\") \"Erannis defoliaria\"",
        "interaction" : "\"pathogenOf\"",
        "SUID" : 1862,
        "selected" : false,
        "longitude" : 139.75309
      },
      "selected" : false
    }, {
      "data" : {
        "id" : "1860",
        "source" : "1802",
        "target" : "1859",
        "shared_name" : "\"NPV\" (\"pathogenOf\") \"Ivela auripes\"",
        "Area" : "\"Temperate Asia\"",
        "shared_interaction" : "\"pathogenOf\"",
        "latitude" : 35.68536,
        "name" : "\"NPV\" (\"pathogenOf\") \"Ivela auripes\"",
        "interaction" : "\"pathogenOf\"",
        "SUID" : 1860,
        "selected" : false,
        "longitude" : 139.75309
      },
      "selected" : false
    }, {
      "data" : {
        "id" : "1858",
        "source" : "1802",
        "target" : "1857",
        "shared_name" : "\"NPV\" (\"pathogenOf\") \"Eumeta japonica\"",
        "Area" : "\"Temperate Asia\"",
        "shared_interaction" : "\"pathogenOf\"",
        "latitude" : 35.68536,
        "name" : "\"NPV\" (\"pathogenOf\") \"Eumeta japonica\"",
        "interaction" : "\"pathogenOf\"",
        "SUID" : 1858,
        "selected" : false,
        "longitude" : 139.75309
      },
      "selected" : false
    }, {
      "data" : {
        "id" : "1856",
        "source" : "1802",
        "target" : "1855",
        "shared_name" : "\"NPV\" (\"pathogenOf\") \"Luehdorfia japonica\"",
        "Area" : "\"Temperate Asia\"",
        "shared_interaction" : "\"pathogenOf\"",
        "latitude" : 35.68536,
        "name" : "\"NPV\" (\"pathogenOf\") \"Luehdorfia japonica\"",
        "interaction" : "\"pathogenOf\"",
        "SUID" : 1856,
        "selected" : false,
        "longitude" : 139.75309
      },
      "selected" : false
    }, {
      "data" : {
        "id" : "1854",
        "source" : "1802",
        "target" : "1853",
        "shared_name" : "\"NPV\" (\"pathogenOf\") \"Bambalina\"",
        "Area" : "\"Temperate Asia\"",
        "shared_interaction" : "\"pathogenOf\"",
        "latitude" : 35.68536,
        "name" : "\"NPV\" (\"pathogenOf\") \"Bambalina\"",
        "interaction" : "\"pathogenOf\"",
        "SUID" : 1854,
        "selected" : false,
        "longitude" : 139.75309
      },
      "selected" : false
    }, {
      "data" : {
        "id" : "1852",
        "source" : "1802",
        "target" : "1851",
        "shared_name" : "\"NPV\" (\"pathogenOf\") \"Biston\"",
        "Area" : "\"Temperate Asia\"",
        "shared_interaction" : "\"pathogenOf\"",
        "latitude" : 35.68536,
        "name" : "\"NPV\" (\"pathogenOf\") \"Biston\"",
        "interaction" : "\"pathogenOf\"",
        "SUID" : 1852,
        "selected" : false,
        "longitude" : 139.75309
      },
      "selected" : false
    }, {
      "data" : {
        "id" : "1850",
        "source" : "1802",
        "target" : "1849",
        "shared_name" : "\"NPV\" (\"pathogenOf\") \"Caligula japonica\"",
        "Area" : "\"Temperate Asia\"",
        "shared_interaction" : "\"pathogenOf\"",
        "latitude" : 35.68536,
        "name" : "\"NPV\" (\"pathogenOf\") \"Caligula japonica\"",
        "interaction" : "\"pathogenOf\"",
        "SUID" : 1850,
        "selected" : false,
        "longitude" : 139.75309
      },
      "selected" : false
    }, {
      "data" : {
        "id" : "1848",
        "source" : "1802",
        "target" : "1847",
        "shared_name" : "\"NPV\" (\"pathogenOf\") \"Parasa sinica\"",
        "Area" : "\"Temperate Asia\"",
        "shared_interaction" : "\"pathogenOf\"",
        "latitude" : 35.68536,
        "name" : "\"NPV\" (\"pathogenOf\") \"Parasa sinica\"",
        "interaction" : "\"pathogenOf\"",
        "SUID" : 1848,
        "selected" : false,
        "longitude" : 139.75309
      },
      "selected" : false
    }, {
      "data" : {
        "id" : "1846",
        "source" : "1802",
        "target" : "1845",
        "shared_name" : "\"NPV\" (\"pathogenOf\") \"Parasa consocia\"",
        "Area" : "\"Temperate Asia\"",
        "shared_interaction" : "\"pathogenOf\"",
        "latitude" : 35.68536,
        "name" : "\"NPV\" (\"pathogenOf\") \"Parasa consocia\"",
        "interaction" : "\"pathogenOf\"",
        "SUID" : 1846,
        "selected" : false,
        "longitude" : 139.75309
      },
      "selected" : false
    }, {
      "data" : {
        "id" : "1844",
        "source" : "1802",
        "target" : "1843",
        "shared_name" : "\"NPV\" (\"pathogenOf\") \"Orgyia\"",
        "Area" : "\"Temperate Asia\"",
        "shared_interaction" : "\"pathogenOf\"",
        "latitude" : 35.68536,
        "name" : "\"NPV\" (\"pathogenOf\") \"Orgyia\"",
        "interaction" : "\"pathogenOf\"",
        "SUID" : 1844,
        "selected" : false,
        "longitude" : 139.75309
      },
      "selected" : false
    }, {
      "data" : {
        "id" : "1842",
        "source" : "1802",
        "target" : "1841",
        "shared_name" : "\"NPV\" (\"pathogenOf\") \"Orgyia thyellina\"",
        "Area" : "\"Temperate Asia\"",
        "shared_interaction" : "\"pathogenOf\"",
        "latitude" : 35.68536,
        "name" : "\"NPV\" (\"pathogenOf\") \"Orgyia thyellina\"",
        "interaction" : "\"pathogenOf\"",
        "SUID" : 1842,
        "selected" : false,
        "longitude" : 139.75309
      },
      "selected" : false
    }, {
      "data" : {
        "id" : "1840",
        "source" : "1802",
        "target" : "1839",
        "shared_name" : "\"NPV\" (\"pathogenOf\") \"Pelopidas mathias\"",
        "Area" : "\"Temperate Asia\"",
        "shared_interaction" : "\"pathogenOf\"",
        "latitude" : 35.68536,
        "name" : "\"NPV\" (\"pathogenOf\") \"Pelopidas mathias\"",
        "interaction" : "\"pathogenOf\"",
        "SUID" : 1840,
        "selected" : false,
        "longitude" : 139.75309
      },
      "selected" : false
    }, {
      "data" : {
        "id" : "1838",
        "source" : "1802",
        "target" : "1837",
        "shared_name" : "\"NPV\" (\"pathogenOf\") \"Theretra oldenlandiae\"",
        "Area" : "\"Temperate Asia\"",
        "shared_interaction" : "\"pathogenOf\"",
        "latitude" : 35.68536,
        "name" : "\"NPV\" (\"pathogenOf\") \"Theretra oldenlandiae\"",
        "interaction" : "\"pathogenOf\"",
        "SUID" : 1838,
        "selected" : false,
        "longitude" : 139.75309
      },
      "selected" : false
    }, {
      "data" : {
        "id" : "1836",
        "source" : "1802",
        "target" : "1835",
        "shared_name" : "\"NPV\" (\"pathogenOf\") \"Clanis bilineata\"",
        "Area" : "\"Temperate Asia\"",
        "shared_interaction" : "\"pathogenOf\"",
        "latitude" : 35.68536,
        "name" : "\"NPV\" (\"pathogenOf\") \"Clanis bilineata\"",
        "interaction" : "\"pathogenOf\"",
        "SUID" : 1836,
        "selected" : false,
        "longitude" : 139.75309
      },
      "selected" : false
    }, {
      "data" : {
        "id" : "1834",
        "source" : "1802",
        "target" : "1833",
        "shared_name" : "\"NPV\" (\"pathogenOf\") \"Malacosoma disstria\"",
        "Area" : "\"Temperate Asia\"",
        "shared_interaction" : "\"pathogenOf\"",
        "latitude" : 35.68536,
        "name" : "\"NPV\" (\"pathogenOf\") \"Malacosoma disstria\"",
        "interaction" : "\"pathogenOf\"",
        "SUID" : 1834,
        "selected" : false,
        "longitude" : 139.75309
      },
      "selected" : false
    }, {
      "data" : {
        "id" : "1832",
        "source" : "1802",
        "target" : "1831",
        "shared_name" : "\"NPV\" (\"pathogenOf\") \"Oraesia emarginata\"",
        "Area" : "\"Temperate Asia\"",
        "shared_interaction" : "\"pathogenOf\"",
        "latitude" : 35.68536,
        "name" : "\"NPV\" (\"pathogenOf\") \"Oraesia emarginata\"",
        "interaction" : "\"pathogenOf\"",
        "SUID" : 1832,
        "selected" : false,
        "longitude" : 139.75309
      },
      "selected" : false
    }, {
      "data" : {
        "id" : "1830",
        "source" : "1802",
        "target" : "1829",
        "shared_name" : "\"NPV\" (\"pathogenOf\") \"Papilio xuthus\"",
        "Area" : "\"Temperate Asia\"",
        "shared_interaction" : "\"pathogenOf\"",
        "latitude" : 35.68536,
        "name" : "\"NPV\" (\"pathogenOf\") \"Papilio xuthus\"",
        "interaction" : "\"pathogenOf\"",
        "SUID" : 1830,
        "selected" : false,
        "longitude" : 139.75309
      },
      "selected" : false
    }, {
      "data" : {
        "id" : "1828",
        "source" : "1802",
        "target" : "1827",
        "shared_name" : "\"NPV\" (\"pathogenOf\") \"Phalera assimilis\"",
        "Area" : "\"Temperate Asia\"",
        "shared_interaction" : "\"pathogenOf\"",
        "latitude" : 35.68536,
        "name" : "\"NPV\" (\"pathogenOf\") \"Phalera assimilis\"",
        "interaction" : "\"pathogenOf\"",
        "SUID" : 1828,
        "selected" : false,
        "longitude" : 139.75309
      },
      "selected" : false
    }, {
      "data" : {
        "id" : "1826",
        "source" : "1802",
        "target" : "1825",
        "shared_name" : "\"NPV\" (\"pathogenOf\") \"Phalera flavescens\"",
        "Area" : "\"Temperate Asia\"",
        "shared_interaction" : "\"pathogenOf\"",
        "latitude" : 35.68536,
        "name" : "\"NPV\" (\"pathogenOf\") \"Phalera flavescens\"",
        "interaction" : "\"pathogenOf\"",
        "SUID" : 1826,
        "selected" : false,
        "longitude" : 139.75309
      },
      "selected" : false
    }, {
      "data" : {
        "id" : "1824",
        "source" : "1802",
        "target" : "1823",
        "shared_name" : "\"NPV\" (\"pathogenOf\") \"Theretra japonica\"",
        "Area" : "\"Temperate Asia\"",
        "shared_interaction" : "\"pathogenOf\"",
        "latitude" : 35.68536,
        "name" : "\"NPV\" (\"pathogenOf\") \"Theretra japonica\"",
        "interaction" : "\"pathogenOf\"",
        "SUID" : 1824,
        "selected" : false,
        "longitude" : 139.75309
      },
      "selected" : false
    }, {
      "data" : {
        "id" : "1822",
        "source" : "1802",
        "target" : "1821",
        "shared_name" : "\"NPV\" (\"pathogenOf\") \"Calliteara argentata\"",
        "Area" : "\"Temperate Asia\"",
        "shared_interaction" : "\"pathogenOf\"",
        "latitude" : 35.68536,
        "name" : "\"NPV\" (\"pathogenOf\") \"Calliteara argentata\"",
        "interaction" : "\"pathogenOf\"",
        "SUID" : 1822,
        "selected" : false,
        "longitude" : 139.75309
      },
      "selected" : false
    }, {
      "data" : {
        "id" : "1820",
        "source" : "1802",
        "target" : "1819",
        "shared_name" : "\"NPV\" (\"pathogenOf\") \"Kunugia undans\"",
        "Area" : "\"Temperate Asia\"",
        "shared_interaction" : "\"pathogenOf\"",
        "latitude" : 35.68536,
        "name" : "\"NPV\" (\"pathogenOf\") \"Kunugia undans\"",
        "interaction" : "\"pathogenOf\"",
        "SUID" : 1820,
        "selected" : false,
        "longitude" : 139.75309
      },
      "selected" : false
    }, {
      "data" : {
        "id" : "1818",
        "source" : "1802",
        "target" : "1817",
        "shared_name" : "\"NPV\" (\"pathogenOf\") \"Phthonosema tendinosaria\"",
        "Area" : "\"Temperate Asia\"",
        "shared_interaction" : "\"pathogenOf\"",
        "latitude" : 35.68536,
        "name" : "\"NPV\" (\"pathogenOf\") \"Phthonosema tendinosaria\"",
        "interaction" : "\"pathogenOf\"",
        "SUID" : 1818,
        "selected" : false,
        "longitude" : 139.75309
      },
      "selected" : false
    }, {
      "data" : {
        "id" : "1816",
        "source" : "1802",
        "target" : "1815",
        "shared_name" : "\"NPV\" (\"pathogenOf\") \"Spilarctia seriatopunctata\"",
        "Area" : "\"Temperate Asia\"",
        "shared_interaction" : "\"pathogenOf\"",
        "latitude" : 35.68536,
        "name" : "\"NPV\" (\"pathogenOf\") \"Spilarctia seriatopunctata\"",
        "interaction" : "\"pathogenOf\"",
        "SUID" : 1816,
        "selected" : false,
        "longitude" : 139.75309
      },
      "selected" : false
    }, {
      "data" : {
        "id" : "1814",
        "source" : "1802",
        "target" : "1813",
        "shared_name" : "\"NPV\" (\"pathogenOf\") \"Sacada approximans\"",
        "Area" : "\"Temperate Asia\"",
        "shared_interaction" : "\"pathogenOf\"",
        "latitude" : 35.68536,
        "name" : "\"NPV\" (\"pathogenOf\") \"Sacada approximans\"",
        "interaction" : "\"pathogenOf\"",
        "SUID" : 1814,
        "selected" : false,
        "longitude" : 139.75309
      },
      "selected" : false
    }, {
      "data" : {
        "id" : "1812",
        "source" : "1802",
        "target" : "1811",
        "shared_name" : "\"NPV\" (\"pathogenOf\") \"Lemyra\"",
        "Area" : "\"Temperate Asia\"",
        "shared_interaction" : "\"pathogenOf\"",
        "latitude" : 35.68536,
        "name" : "\"NPV\" (\"pathogenOf\") \"Lemyra\"",
        "interaction" : "\"pathogenOf\"",
        "SUID" : 1812,
        "selected" : false,
        "longitude" : 139.75309
      },
      "selected" : false
    }, {
      "data" : {
        "id" : "1810",
        "source" : "1802",
        "target" : "1809",
        "shared_name" : "\"NPV\" (\"pathogenOf\") \"Trichosea champa\"",
        "Area" : "\"Temperate Asia\"",
        "shared_interaction" : "\"pathogenOf\"",
        "latitude" : 35.68536,
        "name" : "\"NPV\" (\"pathogenOf\") \"Trichosea champa\"",
        "interaction" : "\"pathogenOf\"",
        "SUID" : 1810,
        "selected" : false,
        "longitude" : 139.75309
      },
      "selected" : false
    }, {
      "data" : {
        "id" : "1808",
        "source" : "1802",
        "target" : "1807",
        "shared_name" : "\"NPV\" (\"pathogenOf\") \"Xestia\"",
        "Area" : "\"Temperate Asia\"",
        "shared_interaction" : "\"pathogenOf\"",
        "latitude" : 35.68536,
        "name" : "\"NPV\" (\"pathogenOf\") \"Xestia\"",
        "interaction" : "\"pathogenOf\"",
        "SUID" : 1808,
        "selected" : false,
        "longitude" : 139.75309
      },
      "selected" : false
    }, {
      "data" : {
        "id" : "1806",
        "source" : "1802",
        "target" : "1805",
        "shared_name" : "\"NPV\" (\"pathogenOf\") \"Semidonta biloba\"",
        "Area" : "\"Temperate Asia\"",
        "shared_interaction" : "\"pathogenOf\"",
        "latitude" : 35.68536,
        "name" : "\"NPV\" (\"pathogenOf\") \"Semidonta biloba\"",
        "interaction" : "\"pathogenOf\"",
        "SUID" : 1806,
        "selected" : false,
        "longitude" : 139.75309
      },
      "selected" : false
    }, {
      "data" : {
        "id" : "1804",
        "source" : "1802",
        "target" : "1803",
        "shared_name" : "\"NPV\" (\"pathogenOf\") \"Xylena fumosa\"",
        "Area" : "\"Temperate Asia\"",
        "shared_interaction" : "\"pathogenOf\"",
        "latitude" : 35.68536,
        "name" : "\"NPV\" (\"pathogenOf\") \"Xylena fumosa\"",
        "interaction" : "\"pathogenOf\"",
        "SUID" : 1804,
        "selected" : false,
        "longitude" : 139.75309
      },
      "selected" : false
    } ]
  }
}