"source_taxon_name","interaction_type","target_taxon_name","latitude","longitude","Area"
"Beauveria bassiana","pathogenOf","Moechotypa diphysis",35.68536,139.75309,"Temperate Asia"
"Beauveria bassiana","pathogenOf","Trachys",35.68536,139.75309,"Temperate Asia"
"Beauveria bassiana","pathogenOf","Tenodera aridifolia",35.68536,139.75309,"Temperate Asia"
"Beauveria bassiana","pathogenOf","Statilia maculata",35.68536,139.75309,"Temperate Asia"
"Beauveria bassiana","pathogenOf","Sirex",35.68536,139.75309,"Temperate Asia"
"Beauveria bassiana","pathogenOf","Scleroracus flavopictus",35.68536,139.75309,"Temperate Asia"
"Beauveria bassiana","pathogenOf","Rhagium",35.68536,139.75309,"Temperate Asia"
"Beauveria bassiana","pathogenOf","Purpuricenus temminckii",35.68536,139.75309,"Temperate Asia"
"Beauveria bassiana","pathogenOf","Pterolophia formosana",35.68536,139.75309,"Temperate Asia"
"Beauveria bassiana","pathogenOf","Ponticulothrips diopyrosis",35.68536,139.75309,"Temperate Asia"
"Beauveria bassiana","pathogenOf","Pochazia albomaculata",35.68536,139.75309,"Temperate Asia"
"Beauveria bassiana","pathogenOf","Plagionotus christophi",35.68536,139.75309,"Temperate Asia"
"Beauveria bassiana","pathogenOf","Pissodes",35.68536,139.75309,"Temperate Asia"
"Beauveria bassiana","pathogenOf","Phyllobius intrusus",35.68536,139.75309,"Temperate Asia"
"Beauveria bassiana","pathogenOf","Monochamus saltuarius",35.68536,139.75309,"Temperate Asia"
"Beauveria bassiana","pathogenOf","Trichoferus campestris",35.68536,139.75309,"Temperate Asia"
"Beauveria bassiana","pathogenOf","Curtomerus",35.68536,139.75309,"Temperate Asia"
"Beauveria bassiana","pathogenOf","Cryphalus fulvus",35.68536,139.75309,"Temperate Asia"
"Beauveria bassiana","pathogenOf","Arhopalus",35.68536,139.75309,"Temperate Asia"
"Beauveria bassiana","pathogenOf","Arctornis",35.68536,139.75309,"Temperate Asia"
"Beauveria bassiana","pathogenOf","Arboridia apicalis",35.68536,139.75309,"Temperate Asia"
"Beauveria bassiana","pathogenOf","Aphrophora",35.68536,139.75309,"Temperate Asia"
"Beauveria bassiana","pathogenOf","Anaglyptus subfasciatus",35.68536,139.75309,"Temperate Asia"
"Beauveria bassiana","pathogenOf","Agelastica coerulea",35.68536,139.75309,"Temperate Asia"
"Beauveria bassiana","pathogenOf","Acanthocinus griseus",35.68536,139.75309,"Temperate Asia"
"Beauveria bassiana","pathogenOf","Anoplonyx destructor",35.68536,139.75309,"Temperate Asia"
"Beauveria bassiana","pathogenOf","Shirahoshizo insidiosus",35.68536,139.75309,"Temperate Asia"
"Beauveria bassiana","pathogenOf","Plautia",35.68536,139.75309,"Temperate Asia"
"Beauveria bassiana","pathogenOf","Caligula japonica",35.68536,139.75309,"Temperate Asia"
"Beauveria bassiana","pathogenOf","Linaeidea",35.68536,139.75309,"Temperate Asia"
"Beauveria bassiana","pathogenOf","Ips cembrae",35.68536,139.75309,"Temperate Asia"
"Beauveria bassiana","pathogenOf","Amarygmus",35.68536,139.75309,"Temperate Asia"
"Beauveria bassiana","pathogenOf","Dorcus",35.68536,139.75309,"Temperate Asia"
"Beauveria bassiana","pathogenOf","Dictyophara",35.68536,139.75309,"Temperate Asia"
"Beauveria bassiana","pathogenOf","Laodelphax striatella",35.68536,139.75309,"Temperate Asia"
"Beauveria bassiana","pathogenOf","Euricania",35.68536,139.75309,"Temperate Asia"
"Beauveria bassiana","pathogenOf","Cephalcia",35.68536,139.75309,"Temperate Asia"
"Beauveria bassiana","pathogenOf","Orosanga japonica",35.68536,139.75309,"Temperate Asia"
"Beauveria bassiana","pathogenOf","Rivula",35.68536,139.75309,"Temperate Asia"
"Beauveria bassiana","pathogenOf","Psacothea hilaris",35.68536,139.75309,"Temperate Asia"
"Beauveria bassiana","pathogenOf","Resseliella odai",35.68536,139.75309,"Temperate Asia"
"Beauveria bassiana","pathogenOf","Pyrrhalta",35.68536,139.75309,"Temperate Asia"
"Beauveria bassiana","pathogenOf","Trypoxylus dichotomus",35.68536,139.75309,"Temperate Asia"
"Beauveria bassiana","pathogenOf","Epinotia",35.68536,139.75309,"Temperate Asia"
"Beauveria bassiana","pathogenOf","Anomala",35.68536,139.75309,"Temperate Asia"
"Beauveria bassiana","pathogenOf","Tanna japonensis",35.68536,139.75309,"Temperate Asia"
"Beauveria bassiana","pathogenOf","Oxya japonica",35.68536,139.75309,"Temperate Asia"
"Beauveria bassiana","pathogenOf","Orthotomicus",35.68536,139.75309,"Temperate Asia"
"Beauveria bassiana","pathogenOf","Omphisa anastomosalis",35.68536,139.75309,"Temperate Asia"
"Beauveria bassiana","pathogenOf","Nippancistroger testaceus",35.68536,139.75309,"Temperate Asia"
"Beauveria bassiana","pathogenOf","Neodiprion",35.68536,139.75309,"Temperate Asia"
"Beauveria bassiana","pathogenOf","Leptocorisa chinensis",35.68536,139.75309,"Temperate Asia"
"Beauveria bassiana","pathogenOf","Erionota torus",35.68536,139.75309,"Temperate Asia"
"Beauveria bassiana","pathogenOf","Endoclita sinensis",35.68536,139.75309,"Temperate Asia"
"Beauveria bassiana","pathogenOf","Endoclita excrescens",35.68536,139.75309,"Temperate Asia"
"Beauveria bassiana","pathogenOf","Curculio",35.68536,139.75309,"Temperate Asia"
"Beauveria bassiana","pathogenOf","Baris",35.68536,139.75309,"Temperate Asia"
"Beauveria bassiana","pathogenOf","Dioryctria splendidella",35.68536,139.75309,"Temperate Asia"
"Beauveria bassiana","pathogenOf","Dioryctria sylvestrella",35.68536,139.75309,"Temperate Asia"
"Beauveria bassiana","pathogenOf","Semanotus japonicus",35.68536,139.75309,"Temperate Asia"
"Beauveria bassiana","pathogenOf","Mimela",35.68536,139.75309,"Temperate Asia"
"Beauveria bassiana","pathogenOf","Popillia japonica",35.68536,139.75309,"Temperate Asia"
"Beauveria bassiana","pathogenOf","Dendrolimus",35.68536,139.75309,"Temperate Asia"
"Beauveria bassiana","pathogenOf","Nephotettix cincticeps",35.68536,139.75309,"Temperate Asia"
"Beauveria bassiana","pathogenOf","Monochamus alternatus",35.68536,139.75309,"Temperate Asia"
"Beauveria bassiana","pathogenOf","Anomala cuprea",35.68536,139.75309,"Temperate Asia"
"Beauveria bassiana","pathogenOf","Hyphantria cunea",35.68536,139.75309,"Temperate Asia"
"Beauveria bassiana","pathogenOf","Lymantria dispar",35.68536,139.75309,"Temperate Asia"
"Beauveria bassiana","pathogenOf","Bombyx mori",35.68536,139.75309,"Temperate Asia"
"Beauveria bassiana","pathogenOf","Galleria mellonella",35.68536,139.75309,"Temperate Asia"
"Beauveria bassiana","pathogenOf","Musca domestica",35.68536,139.75309,"Temperate Asia"
"Beauveria bassiana","pathogenOf","Lissorhoptrus oryzophilus",35.68536,139.75309,"Temperate Asia"
"Beauveria bassiana","pathogenOf","Helicoverpa",35.68536,139.75309,"Temperate Asia"
"Beauveria bassiana","pathogenOf","Euproctis pseudoconspersa",35.68536,139.75309,"Temperate Asia"
"Beauveria bassiana","pathogenOf","Glyphodes pyloalis",35.68536,139.75309,"Temperate Asia"
"Beauveria bassiana","pathogenOf","Chilo suppressalis",35.68536,139.75309,"Temperate Asia"
"Beauveria bassiana","pathogenOf","Mythimna",35.68536,139.75309,"Temperate Asia"
"Beauveria bassiana","pathogenOf","Adoxophyes",35.68536,139.75309,"Temperate Asia"
"Beauveria bassiana","pathogenOf","Crimissa nr. cruralis CND-2003",-10,-55,"Tropical South-America"
"Beauveria bassiana","pathogenOf","Systena",-10,-55,"Tropical South-America"
"Beauveria bassiana","pathogenOf","Schirius",-10,-55,"Tropical South-America"
"Beauveria bassiana","pathogenOf","Aracanthus",-10,-55,"Tropical South-America"
"Beauveria bassiana","pathogenOf","Podisus",-10,-55,"Tropical South-America"
"Beauveria bassiana","pathogenOf","Cerotoma",-10,-55,"Tropical South-America"
"Beauveria bassiana","pathogenOf","Solenopsis",-10,-55,"Tropical South-America"
"Beauveria bassiana","pathogenOf","Sternechus subsignatus",-10,-55,"Tropical South-America"
"Beauveria bassiana","pathogenOf","Terastia meticulosalis",-10,-55,"Tropical South-America"
"Beauveria bassiana","pathogenOf","Stenoma decora",-10,-55,"Tropical South-America"
"Beauveria bassiana","pathogenOf","Euschistus heros",-10,-55,"Tropical South-America"
"Beauveria bassiana","pathogenOf","Cosmopolites sordidus",-10,-55,"Tropical South-America"
"Beauveria bassiana","pathogenOf","Coleomegilla maculata",-10,-55,"Tropical South-America"
"Beauveria bassiana","pathogenOf","Brassolis",-10,-55,"Tropical South-America"
"Beauveria bassiana","pathogenOf","Zulia",-10,-55,"Tropical South-America"
"Beauveria bassiana","pathogenOf","Tibraca limbativentris",-10,-55,"Tropical South-America"
"Beauveria bassiana","pathogenOf","Oebalus",-10,-55,"Tropical South-America"
"Beauveria bassiana","pathogenOf","Metamasius hemipterus",-10,-55,"Tropical South-America"
"Beauveria bassiana","pathogenOf","Diabrotica",-10,-55,"Tropical South-America"
"Beauveria bassiana","pathogenOf","Deois",-10,-55,"Tropical South-America"
"Beauveria bassiana","pathogenOf","Lagria",-10,-55,"Tropical South-America"
"Beauveria bassiana","pathogenOf","Bombyx mori",-10,-55,"Tropical South-America"
"Beauveria bassiana","pathogenOf","Hypothenemus hampei",-10,-55,"Tropical South-America"
"Beauveria bassiana","pathogenOf","Forficula auricularia",-10,-55,"Tropical South-America"
"Beauveria bassiana","pathogenOf","Diatraea saccharalis",-10,-55,"Tropical South-America"
"Beauveria bassiana","pathogenOf","Chalcodermus aeneus",-10,-55,"Tropical South-America"
"Beauveria bassiana","pathogenOf","Spodoptera frugiperda",-10,-55,"Tropical South-America"
"Beauveria bassiana","pathogenOf","Solenopsis invicta",-10,-55,"Tropical South-America"
"Beauveria bassiana","pathogenOf","Sitophilus oryzae",-10,-55,"Tropical South-America"
"Beauveria bassiana","pathogenOf","Nezara viridula",-10,-55,"Tropical South-America"
"Beauveria bassiana","pathogenOf","Anthonomus grandis",-10,-55,"Tropical South-America"
"Beauveria bassiana","pathogenOf","Empoasca",-10,-55,"Tropical South-America"
"Beauveria bassiana","pathogenOf","Premnotrypes",4,-73.25,"Tropical South-America"
"Beauveria bassiana","pathogenOf","Ancognatha",4,-73.25,"Tropical South-America"
"Beauveria bassiana","pathogenOf","Premnotrypes",-10,-75.25,"Tropical South-America"
"Beauveria bassiana","pathogenOf","Hypothenemus hampei",8,-5.5,"Tropical Africa"
"Beauveria bassiana","pathogenOf","Hypothenemus hampei",8.66667,1.08333,"Tropical Africa"
"Beauveria bassiana","pathogenOf","Pachybrachis",2.5,112.5,"Tropical South Asia"
"Beauveria bassiana","pathogenOf","Scotinophora coarctata",13,122,"Tropical South Asia"
"Beauveria bassiana","pathogenOf","Leptocorisa oratorius",13,122,"Tropical South Asia"
"Beauveria bassiana","pathogenOf","Bombyx mori",13,122,"Tropical South Asia"
"Beauveria bassiana","pathogenOf","Bemisia tabaci",13,122,"Tropical South Asia"
"Beauveria bassiana","pathogenOf","Cnaphalocrocis medinalis",13,122,"Tropical South Asia"
"Beauveria bassiana","pathogenOf","Plutella xylostella",13,122,"Tropical South Asia"
"Beauveria bassiana","pathogenOf","Nilaparvata lugens",13,122,"Tropical South Asia"
"Beauveria bassiana","pathogenOf","Palmartona catoxantha",1.36667,103.8,"Tropical South Asia"
"Beauveria bassiana","pathogenOf","Stephanoderes",13.9427,121.8463,"Tropical South Asia"
"Beauveria bassiana","pathogenOf","Nilaparvata lugens",-5,120,"Tropical South Asia"
"Beauveria bassiana","pathogenOf","Helopeltis clavifer",-6,147,"Tropical South Asia"
